; Epson FX-80 Version 2.00 main ROM mixed disassembly
; Source: epson_8426k9_m1206ba029_read_as_27c128.bin
; SHA256: 76f44e1c9fe34090a568b39a0fd995308d81bf5f1bf36f6fb6833eb1a2d51a17
; CPU: NEC uPD7810, disassembler: MAME unidasm
;
; Confirmed regions:
;   0000-0870  code
;   0871-08B2  version/copyright text
;   08B3-096F  code
;   0970-099C  low-control dispatch table
;   099D-09C6  code
;   09C7-09FC  uppercase ESC compact table
;   09FD-0A6E  explicit ESC dispatch table
;   0A6F-0AF6  code
;   0AF7-0B7A  international character remap table
;   0B7B-17A2  code
;   17A3-23A2  256 12-byte ROM glyph records
;   23A3-33F5  code and inline tables
;   33F6-350D  graphics phase tables interleaved with setup code
;   350E-38FE  code and inline tables
;   38FF-390E  ESC ? graphics reassignment pointer table
;   390F-3D6B  code and inline tables
;   3D6C-3D81  default/configuration jump table
;   3D82-3DFF  code and inline tables
;   3E00-3E15  default/configuration jump table
;   3E16-3FB5  code and inline tables
;   3FB6-3FFF  0xFF fill
;
; The byte at 08B3 is both the printable '@' terminator for the
; version/copyright text and the opcode byte for CALL $00D3.
; It is emitted as code so the ESC i entry stays synchronized.

; ---- CODE 0000-0870 ----
0000: 4e 29        JRE     $002B
0002: ff           JR      $0002
0003: ff           JR      $0003
0004: 54 24 0f     JMP     $0F24
0007: ff           JR      $0007
0008: 54 8f 03     JMP     $038F
000b: ff           JR      $000B
000c: ff           JR      $000C
000d: ff           JR      $000D
000e: ff           JR      $000E
000f: ff           JR      $000F
0010: 54 43 0c     JMP     $0C43
0013: ff           JR      $0013
0014: ff           JR      $0014
0015: ff           JR      $0015
0016: ff           JR      $0016
0017: ff           JR      $0017
0018: 54 6f 80     JMP     $806F
001b: ff           JR      $001B
001c: ff           JR      $001C
001d: ff           JR      $001D
001e: ff           JR      $001E
001f: ff           JR      $001F
0020: 54 59 06     JMP     $0659
0023: ff           JR      $0023
0024: ff           JR      $0024
0025: ff           JR      $0025
0026: ff           JR      $0026
0027: ff           JR      $0027
0028: 54 8a 0c     JMP     $0C8A
002b: 69 0f        MVI     A,$0F
002d: 4d d0        MOV     MM,A
002f: 54 ca 06     JMP     $06CA
0032: 68 64        MVI     V,$64
0034: 63 60        STAW    VV:60
0036: 5c 58        BIT     4,VV:58
0038: 53           DCR     C
0039: 4e 44        JRE     $007F
003b: 3c           STAX    (DE+)
003c: 34 2e 2a     LXI     HL,$2A2E
003f: 29           LDAX    (BC)
0040: 28           illegal 
0041: 28           illegal 
0042: ac           LDAX    (HL+A)
0043: 0d           MOV     A,E
0044: 0c           MOV     A,D
0045: 0c           MOV     A,D
0046: be           STAX    (HL+EA)
0047: 0a           MOV     A,B
0048: c4           JR      $004D
0049: 09           MOV     A,EAL
004a: 1e           MOV     H,A
004b: 09           MOV     A,EAL
004c: c4           JR      $0051
004d: 09           MOV     A,EAL
004e: be           STAX    (HL+EA)
004f: 0a           MOV     A,B
0050: 0c           MOV     A,D
0051: 0c           MOV     A,D
0052: ac           LDAX    (HL+A)
0053: 0d           MOV     A,E
0054: ac           LDAX    (HL+A)
0055: 0d           MOV     A,E
0056: 41           INR     A
0057: 03           DCX     SP
0058: a6           DMOV    EA,DE
0059: 0e           MOV     A,H
005a: ff           JR      $005A
005b: ff           JR      $005B
005c: ff           JR      $005C
005d: ff           JR      $005D
005e: ff           JR      $005E
005f: ff           JR      $005F
0060: 54 72 80     JMP     $8072
0063: 55 5d 04     OFFIW   VV:5D,$04
0066: 55 5d 80     OFFIW   VV:5D,$80
0069: c6           JR      $0070
006a: 40 a0 28     CALL    $28A0
006d: 40 0e 27     CALL    $270E
0070: 40 d3 00     CALL    $00D3
0073: 70 3f 10 80  LHLD    $8010
0077: 70 3e 16 80  SHLD    $8016
007b: 70 3e 18 80  SHLD    $8018
007f: 34 00 00     LXI     HL,$0000
0082: 70 3e 14 80  SHLD    $8014
0086: b8           RET     
0087: 40 63 00     CALL    $0063
008a: 40 f9 13     CALL    $13F9
008d: 67 ff        NEI     A,$FF
008f: 40 d2 0f     CALL    $0FD2
0092: b8           RET     
0093: 55 5c 01     OFFIW   VV:5C,$01
0096: b8           RET     
0097: 45 52 80     ONIW    VV:52,$80
009a: cd           JR      $00A8
009b: 70 3f 1a 80  LHLD    $801A
009f: 70 3e 18 80  SHLD    $8018
00a3: 70 3e 16 80  SHLD    $8016
00a7: b8           RET     
00a8: 55 00 20     OFFIW   VV:00,$20
00ab: b8           RET     
00ac: 70 2f 10 80  LDED    $8010
00b0: 40 ec 24     CALL    $24EC
00b3: a6           DMOV    EA,DE
00b4: 70 41        EADD    EA,A
00b6: 70 2f 16 80  LDED    $8016
00ba: 74 ae        DGT     EA,DE
00bc: c1           JR      $00BE
00bd: b8           RET     
00be: 40 d3 00     CALL    $00D3
00c1: 40 ec 24     CALL    $24EC
00c4: 34 18 80     LXI     HL,$8018
00c7: 48 83        LDEAX   (HL)
00c9: 70 61        ESUB    EA,A
00cb: 48 93        STEAX   (HL)
00cd: b7           DMOV    HL,EA
00ce: 70 3e 16 80  SHLD    $8016
00d2: b8           RET     
00d3: 55 5c 01     OFFIW   VV:5C,$01
00d6: c6           JR      $00DD
00d7: b3           PUSH    HL
00d8: 40 e3 00     CALL    $00E3
00db: a3           POP     HL
00dc: b8           RET     
00dd: b3           PUSH    HL
00de: 40 42 2e     CALL    $2E42
00e1: a3           POP     HL
00e2: b8           RET     
00e3: 40 f6 00     CALL    $00F6
00e6: 70 3f 16 80  LHLD    $8016
00ea: 70 3e 18 80  SHLD    $8018
00ee: 34 00 00     LXI     HL,$0000
00f1: 70 3e 12 80  SHLD    $8012
00f5: b8           RET     
00f6: b4           PUSH    EA
00f7: b3           PUSH    HL
00f8: b2           PUSH    DE
00f9: b1           PUSH    BC
00fa: 44 00 00     LXI     EA,$0000
00fd: 70 3f 12 80  LHLD    $8012
0101: 74 ef        DNE     EA,HL
0103: 4e 1e        JRE     $0123
0105: 24 00 00     LXI     DE,$0000
0108: 70 2e 75 80  SDED    $8075
010c: 40 28 01     CALL    $0128
010f: 24 10 10     LXI     DE,$1010
0112: 70 2e 75 80  SDED    $8075
0116: 40 3b 01     CALL    $013B
0119: 24 40 40     LXI     DE,$4040
011c: 70 2e 75 80  SDED    $8075
0120: 40 28 01     CALL    $0128
0123: a1           POP     BC
0124: a2           POP     DE
0125: a3           POP     HL
0126: a4           POP     EA
0127: b8           RET     
0128: 40 64 01     CALL    $0164
012b: 67 00        NEI     A,$00
012d: cc           JR      $013A
012e: 55 02 20     OFFIW   VV:02,$20
0131: 40 39 25     CALL    $2539
0134: 40 6d 25     CALL    $256D
0137: 40 4c 02     CALL    $024C
013a: b8           RET     
013b: 40 64 01     CALL    $0164
013e: 67 00        NEI     A,$00
0140: 4e 21        JRE     $0163
0142: 15 06 04     ORIW    VV:06,$04
0145: 40 6d 25     CALL    $256D
0148: 05 06 fb     ANIW    VV:06,$FB
014b: 55 02 20     OFFIW   VV:02,$20
014e: 40 39 25     CALL    $2539
0151: 40 e2 10     CALL    $10E2
0154: 40 6d 25     CALL    $256D
0157: 15 03 80     ORIW    VV:03,$80
015a: 40 4c 02     CALL    $024C
015d: 05 03 7f     ANIW    VV:03,$7F
0160: 40 f9 10     CALL    $10F9
0163: b8           RET     
0164: b4           PUSH    EA
0165: b1           PUSH    BC
0166: b2           PUSH    DE
0167: b3           PUSH    HL
0168: 70 3f 18 80  LHLD    $8018
016c: 70 3e 1a 80  SHLD    $801A
0170: 34 00 00     LXI     HL,$0000
0173: 70 3e 1e 80  SHLD    $801E
0177: 70 3f 1e 80  LHLD    $801E
017b: a7           DMOV    EA,HL
017c: 70 3f 12 80  LHLD    $8012
0180: 74 bf        DLT     EA,HL
0182: 4e 43        JRE     $01C7
0184: 48 a4        DSLL    EA
0186: 34 ab 94     LXI     HL,$94AB
0189: ae           LDAX    (HL+EA)
018a: a8           INX     EA
018b: 1a           MOV     B,A
018c: 70 2f 75 80  LDED    $8075
0190: 74 6c 00     NEI     D,$00
0193: ce           JR      $01A2
0194: 74 7c ff     EQI     D,$FF
0197: c5           JR      $019D
0198: 60 cd        ONA     A,E
019a: c7           JR      $01A2
019b: 4f da        JRE     $0177
019d: 60 8c        ANA     A,D
019f: 60 fd        EQA     A,E
01a1: c9           JR      $01AB
01a2: ae           LDAX    (HL+EA)
01a3: 74 4d 40     ONI     E,$40
01a6: 40 8a 17     CALL    $178A
01a9: 4e 20        JRE     $01CB
01ab: ae           LDAX    (HL+EA)
01ac: 34 1e 80     LXI     HL,$801E
01af: 48 83        LDEAX   (HL)
01b1: a8           INX     EA
01b2: 48 93        STEAX   (HL)
01b4: 40 f5 24     CALL    $24F5
01b7: 74 5a 80     OFFI    B,$80
01ba: 48 25        SLL     A
01bc: 34 1a 80     LXI     HL,$801A
01bf: 48 83        LDEAX   (HL)
01c1: 70 41        EADD    EA,A
01c3: 48 93        STEAX   (HL)
01c5: 4f b0        JRE     $0177
01c7: 69 00        MVI     A,$00
01c9: 4e 7c        JRE     $0247
01cb: 70 3f 12 80  LHLD    $8012
01cf: 33           DCX     HL
01d0: 70 3e 20 80  SHLD    $8020
01d4: 70 3f 20 80  LHLD    $8020
01d8: a7           DMOV    EA,HL
01d9: 34 00 00     LXI     HL,$0000
01dc: 74 ef        DNE     EA,HL
01de: 4e 30        JRE     $0210
01e0: 48 a4        DSLL    EA
01e2: 34 ab 94     LXI     HL,$94AB
01e5: ae           LDAX    (HL+EA)
01e6: a8           INX     EA
01e7: 1a           MOV     B,A
01e8: 70 2f 75 80  LDED    $8075
01ec: 74 6c 00     NEI     D,$00
01ef: cd           JR      $01FD
01f0: 74 7c ff     EQI     D,$FF
01f3: c4           JR      $01F8
01f4: 60 cd        ONA     A,E
01f6: c6           JR      $01FD
01f7: ce           JR      $0206
01f8: 60 8c        ANA     A,D
01fa: 60 fd        EQA     A,E
01fc: c9           JR      $0206
01fd: ae           LDAX    (HL+EA)
01fe: 74 4d 40     ONI     E,$40
0201: 40 8a 17     CALL    $178A
0204: 4e 0a        JRE     $0210
0206: 34 20 80     LXI     HL,$8020
0209: 48 83        LDEAX   (HL)
020b: a9           DCX     EA
020c: 48 93        STEAX   (HL)
020e: 4f c4        JRE     $01D4
0210: 70 3f 18 80  LHLD    $8018
0214: 70 3e 1c 80  SHLD    $801C
0218: 24 00 00     LXI     DE,$0000
021b: a6           DMOV    EA,DE
021c: 48 a4        DSLL    EA
021e: a8           INX     EA
021f: 34 ab 94     LXI     HL,$94AB
0222: ae           LDAX    (HL+EA)
0223: 40 f5 24     CALL    $24F5
0226: 1b           MOV     C,A
0227: a6           DMOV    EA,DE
0228: 48 a4        DSLL    EA
022a: 34 ab 94     LXI     HL,$94AB
022d: ae           LDAX    (HL+EA)
022e: 57 80        OFFI    A,$80
0230: 48 27        SLL     C
0232: 34 1c 80     LXI     HL,$801C
0235: 48 83        LDEAX   (HL)
0237: 70 43        EADD    EA,C
0239: 48 93        STEAX   (HL)
023b: 22           INX     DE
023c: 70 3f 20 80  LHLD    $8020
0240: a7           DMOV    EA,HL
0241: 74 be        DLT     EA,DE
0243: 4f d6        JRE     $021B
0245: 69 ff        MVI     A,$FF
0247: a3           POP     HL
0248: a2           POP     DE
0249: a1           POP     BC
024a: a4           POP     EA
024b: b8           RET     
024c: 55 02 80     OFFIW   VV:02,$80
024f: fc           JR      $024C
0250: 15 02 80     ORIW    VV:02,$80
0253: 34 a0 03     LXI     HL,$03A0
0256: 70 3e 70 80  SHLD    $8070
025a: 40 e0 0d     CALL    $0DE0
025d: 40 f9 03     CALL    $03F9
0260: 70 3f 1e 80  LHLD    $801E
0264: a7           DMOV    EA,HL
0265: 70 3f 2c 80  LHLD    $802C
0269: 74 e7        DSUB    EA,HL
026b: b7           DMOV    HL,EA
026c: 70 3e 0c 80  SHLD    $800C
0270: 40 b9 04     CALL    $04B9
0273: 40 f2 0d     CALL    $0DF2
0276: 05 02 fd     ANIW    VV:02,$FD
0279: 40 36 06     CALL    $0636
027c: 05 06 be     ANIW    VV:06,$BE
027f: 69 00        MVI     A,$00
0281: 63 0a        STAW    VV:0A
0283: 63 0b        STAW    VV:0B
0285: 45 09 80     ONIW    VV:09,$80
0288: cb           JR      $0294
0289: 45 00 08     ONIW    VV:00,$08
028c: c4           JR      $0291
028d: 15 06 40     ORIW    VV:06,$40
0290: c3           JR      $0294
0291: 41           INR     A
0292: 63 0b        STAW    VV:0B
0294: 40 5c 04     CALL    $045C
0297: a6           DMOV    EA,DE
0298: 11           EXX     
0299: b6           DMOV    DE,EA
029a: 11           EXX     
029b: 40 26 03     CALL    $0326
029e: 70 69 01 d0  MOV     A,($D001)
02a2: 57 10        OFFI    A,$10
02a4: ca           JR      $02AF
02a5: 45 0b ff     ONIW    VV:0B,$FF
02a8: c6           JR      $02AF
02a9: 48 46        SKIT    FE1
02ab: fd           JR      $02A9
02ac: 40 0d 03     CALL    $030D
02af: 05 02 f7     ANIW    VV:02,$F7
02b2: 64 0f bf     ANI     MKL,$BF
02b5: 40 b9 04     CALL    $04B9
02b8: 70 69 01 d0  MOV     A,($D001)
02bc: 57 80        OFFI    A,$80
02be: 54 c7 0e     JMP     $0EC7
02c1: 45 02 08     ONIW    VV:02,$08
02c4: f3           JR      $02B8
02c5: 55 02 02     OFFIW   VV:02,$02
02c8: 4e 3c        JRE     $0306
02ca: 05 06 fe     ANIW    VV:06,$FE
02cd: 40 36 06     CALL    $0636
02d0: 40 5c 04     CALL    $045C
02d3: ba           DI      
02d4: a6           DMOV    EA,DE
02d5: 11           EXX     
02d6: b6           DMOV    DE,EA
02d7: 11           EXX     
02d8: aa           EI      
02d9: 70 69 01 d0  MOV     A,($D001)
02dd: 47 10        ONI     A,$10
02df: ca           JR      $02EA
02e0: 45 0b ff     ONIW    VV:0B,$FF
02e3: c6           JR      $02EA
02e4: 48 46        SKIT    FE1
02e6: fd           JR      $02E4
02e7: 40 0d 03     CALL    $030D
02ea: 05 06 be     ANIW    VV:06,$BE
02ed: 69 00        MVI     A,$00
02ef: 63 0a        STAW    VV:0A
02f1: 63 0b        STAW    VV:0B
02f3: 45 09 80     ONIW    VV:09,$80
02f6: 4f a6        JRE     $029E
02f8: 45 00 08     ONIW    VV:00,$08
02fb: c5           JR      $0301
02fc: 15 06 41     ORIW    VV:06,$41
02ff: 4f 9d        JRE     $029E
0301: 41           INR     A
0302: 63 0b        STAW    VV:0B
0304: 4f 98        JRE     $029E
0306: 40 f9 0d     CALL    $0DF9
0309: 05 02 7f     ANIW    VV:02,$7F
030c: b8           RET     
030d: 01 4a        LDAW    VV:4A
030f: 41           INR     A
0310: 74 e8 31     NEAW    VV:31
0313: 69 00        MVI     A,$00
0315: 63 4a        STAW    VV:4A
0317: 34 32 80     LXI     HL,$8032
031a: 48 25        SLL     A
031c: 48 8c        LDEAX   (HL+A)
031e: 48 d3        DMOV    ETM1,EA
0320: b7           DMOV    HL,EA
0321: 70 3e 4b 80  SHLD    $804B
0325: b8           RET     
0326: 69 08        MVI     A,$08
0328: 4d cc        MOV     ETMM,A
032a: 01 4a        LDAW    VV:4A
032c: 40 17 03     CALL    $0317
032f: 70 69 01 d0  MOV     A,($D001)
0333: 57 40        OFFI    A,$40
0335: c6           JR      $033C
0336: 57 80        OFFI    A,$80
0338: 54 c7 0e     JMP     $0EC7
033b: f3           JR      $032F
033c: 48 46        SKIT    FE1
033e: 00           NOP     
033f: 70 3f 4b 80  LHLD    $804B
0343: 48 c0        DMOV    EA,ECNT
0345: 74 bf        DLT     EA,HL
0347: c4           JR      $034C
0348: 48 66        SKNIT   FE1
034a: b8           RET     
034b: f3           JR      $033F
034c: 48 46        SKIT    FE1
034e: 00           NOP     
034f: b8           RET     
0350: b0           PUSH    VA
0351: b4           PUSH    EA
0352: b1           PUSH    BC
0353: b2           PUSH    DE
0354: b3           PUSH    HL
0355: 34 00 00     LXI     HL,$0000
0358: 24 32 80     LXI     DE,$8032
035b: b3           PUSH    HL
035c: 70 3f 2f 80  LHLD    $802F
0360: a7           DMOV    EA,HL
0361: a3           POP     HL
0362: 01 31        LDAW    VV:31
0364: 48 3d        DIV     A
0366: 01 31        LDAW    VV:31
0368: 51           DCR     A
0369: b5           DMOV    BC,EA
036a: 70 1e 4d 80  SBCD    $804D
036e: a7           DMOV    EA,HL
036f: 70 3f 2f 80  LHLD    $802F
0373: 74 bf        DLT     EA,HL
0375: c1           JR      $0377
0376: c3           JR      $037A
0377: 74 e7        DSUB    EA,HL
0379: f9           JR      $0373
037a: b3           PUSH    HL
037b: 34 00 00     LXI     HL,$0000
037e: 74 ef        DNE     EA,HL
0380: a8           INX     EA
0381: a3           POP     HL
0382: 48 94        STEAX   (DE++)
0384: 51           DCR     A
0385: c6           JR      $038C
0386: a3           POP     HL
0387: a2           POP     DE
0388: a1           POP     BC
0389: a4           POP     EA
038a: a0           POP     VA
038b: b8           RET     
038c: 74 c5        DADD    EA,BC
038e: e4           JR      $0373
038f: 64 1f 04     ORI     MKL,$04
0392: 45 02 08     ONIW    VV:02,$08
0395: 64 0f bf     ANI     MKL,$BF
0398: 64 00 ff     MVI     PA,$FF
039b: 64 19 80     ORI     PB,$80
039e: aa           EI      
039f: 62           RETI    
03a0: 10           EXA     
03a1: 11           EXX     
03a2: 55 0a ff     OFFIW   VV:0A,$FF
03a5: 4e 3c        JRE     $03E3
03a7: 45 06 80     ONIW    VV:06,$80
03aa: 4e 3d        JRE     $03E9
03ac: 0c           MOV     A,D
03ad: 4d c0        MOV     PA,A
03af: 74 4d 80     ONI     E,$80
03b2: 64 09 7f     ANI     PB,$7F
03b5: 64 80 01     MVI     ANM,$01
03b8: 48 48        SKIT    FAD
03ba: 00           NOP     
03bb: 01 4a        LDAW    VV:4A
03bd: 41           INR     A
03be: 74 e8 31     NEAW    VV:31
03c1: 69 00        MVI     A,$00
03c3: 63 4a        STAW    VV:4A
03c5: 34 32 80     LXI     HL,$8032
03c8: 48 25        SLL     A
03ca: 48 8c        LDEAX   (HL+A)
03cc: 48 d3        DMOV    ETM1,EA
03ce: 55 06 12     OFFIW   VV:06,$12
03d1: dc           JR      $03EE
03d2: 40 5c 04     CALL    $045C
03d5: 01 0b        LDAW    VV:0B
03d7: 63 0a        STAW    VV:0A
03d9: 64 1f 40     ORI     MKL,$40
03dc: 64 0e fe     ANI     MKH,$FE
03df: 10           EXA     
03e0: 11           EXX     
03e1: aa           EI      
03e2: 62           RETI    
03e3: 30 0a        DCRW    VV:0A
03e5: 40 0d 03     CALL    $030D
03e8: f6           JR      $03DF
03e9: 64 80 05     MVI     ANM,$05
03ec: 4f ca        JRE     $03B8
03ee: 70 1f 80 80  LBCD    $8080
03f2: 48 29        CALB    
03f4: 48 46        SKIT    FE1
03f6: 00           NOP     
03f7: 4f dc        JRE     $03D5
03f9: b1           PUSH    BC
03fa: b3           PUSH    HL
03fb: 70 69 01 d0  MOV     A,($D001)
03ff: 57 20        OFFI    A,$20
0401: c6           JR      $0408
0402: 57 80        OFFI    A,$80
0404: 54 c7 0e     JMP     $0EC7
0407: f3           JR      $03FB
0408: 71 29 00     MVIW    VV:29,$00
040b: 69 0b        MVI     A,$0B
040d: 55 00 04     OFFIW   VV:00,$04
0410: c7           JR      $0418
0411: 45 00 02     ONIW    VV:00,$02
0414: c9           JR      $041E
0415: 69 0e        MVI     A,$0E
0417: c6           JR      $041E
0418: 55 00 02     OFFIW   VV:00,$02
041b: c2           JR      $041E
041c: 69 0d        MVI     A,$0D
041e: 63 2a        STAW    VV:2A
0420: 70 69 01 d0  MOV     A,($D001)
0424: 47 10        ONI     A,$10
0426: cb           JR      $0432
0427: 34 01 00     LXI     HL,$0001
042a: 70 3e 2c 80  SHLD    $802C
042e: 01 26        LDAW    VV:26
0430: 4e 25        JRE     $0457
0432: 01 29        LDAW    VV:29
0434: 1a           MOV     B,A
0435: 01 2a        LDAW    VV:2A
0437: 63 29        STAW    VV:29
0439: 0a           MOV     A,B
043a: 63 2a        STAW    VV:2A
043c: 70 3f 1e 80  LHLD    $801E
0440: a7           DMOV    EA,HL
0441: 70 3f 20 80  LHLD    $8020
0445: 70 3e 1e 80  SHLD    $801E
0449: b7           DMOV    HL,EA
044a: 70 3e 20 80  SHLD    $8020
044e: 34 ff ff     LXI     HL,$FFFF
0451: 70 3e 2c 80  SHLD    $802C
0455: 01 27        LDAW    VV:27
0457: 63 4a        STAW    VV:4A
0459: a3           POP     HL
045a: a1           POP     BC
045b: b8           RET     
045c: 45 06 40     ONIW    VV:06,$40
045f: cb           JR      $046B
0460: 45 06 01     ONIW    VV:06,$01
0463: c4           JR      $0468
0464: 05 06 fe     ANIW    VV:06,$FE
0467: b8           RET     
0468: 15 06 01     ORIW    VV:06,$01
046b: 01 2e        LDAW    VV:2E
046d: 74 f8 2a     EQAW    VV:2A
0470: c4           JR      $0475
0471: 15 02 08     ORIW    VV:02,$08
0474: b8           RET     
0475: 70 2f 75 80  LDED    $8075
0479: 74 5d 40     OFFI    E,$40
047c: 54 99 04     JMP     $0499
047f: 74 c0 2c     ADDW    VV:2C
0482: 63 2e        STAW    VV:2E
0484: 48 25        SLL     A
0486: 70 3f 24 80  LHLD    $8024
048a: 48 8c        LDEAX   (HL+A)
048c: b6           DMOV    DE,EA
048d: 05 06 7f     ANIW    VV:06,$7F
0490: 44 ff ff     LXI     EA,$FFFF
0493: 74 fe        DEQ     EA,DE
0495: 15 06 80     ORIW    VV:06,$80
0498: b8           RET     
0499: 74 c0 2c     ADDW    VV:2C
049c: 63 2e        STAW    VV:2E
049e: 01 09        LDAW    VV:09
04a0: 24 ff ff     LXI     DE,$FFFF
04a3: 47 40        ONI     A,$40
04a5: e7           JR      $048D
04a6: 57 80        OFFI    A,$80
04a8: ca           JR      $04B3
04a9: 55 00 08     OFFIW   VV:00,$08
04ac: c6           JR      $04B3
04ad: 55 2e 01     OFFIW   VV:2E,$01
04b0: 54 8d 04     JMP     $048D
04b3: 24 7f ff     LXI     DE,$FF7F
04b6: 54 8d 04     JMP     $048D
04b9: 70 3f 0c 80  LHLD    $800C
04bd: a7           DMOV    EA,HL
04be: 70 3f 20 80  LHLD    $8020
04c2: 74 ef        DNE     EA,HL
04c4: 15 02 02     ORIW    VV:02,$02
04c7: 70 3f 2c 80  LHLD    $802C
04cb: 74 c7        DADD    EA,HL
04cd: b7           DMOV    HL,EA
04ce: 70 3e 0c 80  SHLD    $800C
04d2: 74 4f 01     ONI     L,$01
04d5: 34 82 80     LXI     HL,$8082
04d8: 34 a0 80     LXI     HL,$80A0
04db: 70 3e 22 80  SHLD    $8022
04df: 14 ab 94     LXI     BC,$94AB
04e2: 48 a4        DSLL    EA
04e4: 74 c5        DADD    EA,BC
04e6: b6           DMOV    DE,EA
04e7: 2c           LDAX    (DE+)
04e8: 63 08        STAW    VV:08
04ea: b2           PUSH    DE
04eb: 70 2f 75 80  LDED    $8075
04ef: 74 6c 00     NEI     D,$00
04f2: d4           JR      $0507
04f3: 74 6c ff     NEI     D,$FF
04f6: c6           JR      $04FD
04f7: 60 8c        ANA     A,D
04f9: 60 fd        EQA     A,E
04fb: c4           JR      $0500
04fc: ca           JR      $0507
04fd: 60 dd        OFFA    A,E
04ff: c7           JR      $0507
0500: a2           POP     DE
0501: 69 20        MVI     A,$20
0503: 05 08 80     ANIW    VV:08,$80
0506: c2           JR      $0509
0507: a2           POP     DE
0508: 2a           LDAX    (DE)
0509: 40 6e 17     CALL    $176E
050c: b6           DMOV    DE,EA
050d: 2c           LDAX    (DE+)
050e: 05 03 ef     ANIW    VV:03,$EF
0511: 47 80        ONI     A,$80
0513: 15 03 10     ORIW    VV:03,$10
0516: 6b 0a        MVI     C,$0A
0518: 2c           LDAX    (DE+)
0519: 18           MOV     EAH,A
051a: 69 ff        MVI     A,$FF
051c: 19           MOV     EAL,A
051d: 45 03 10     ONIW    VV:03,$10
0520: c4           JR      $0525
0521: 48 2b        STC     
0523: 48 b0        DRLR    EA
0525: 48 95        STEAX   (HL++)
0527: 53           DCR     C
0528: ef           JR      $0518
0529: 44 ff ff     LXI     EA,$FFFF
052c: 48 95        STEAX   (HL++)
052e: 48 95        STEAX   (HL++)
0530: 48 95        STEAX   (HL++)
0532: 48 93        STEAX   (HL)
0534: 45 08 08     ONIW    VV:08,$08
0537: cb           JR      $0543
0538: 55 03 80     OFFIW   VV:03,$80
053b: c4           JR      $0540
053c: 40 60 05     CALL    $0560
053f: c3           JR      $0543
0540: 40 90 05     CALL    $0590
0543: 55 08 80     OFFIW   VV:08,$80
0546: c4           JR      $054B
0547: 45 00 08     ONIW    VV:00,$08
054a: d4           JR      $055F
054b: 70 3f 22 80  LHLD    $8022
054f: 14 ff ff     LXI     BC,$FFFF
0552: 69 0b        MVI     A,$0B
0554: 48 83        LDEAX   (HL)
0556: b6           DMOV    DE,EA
0557: 74 8d        DAN     EA,BC
0559: 48 95        STEAX   (HL++)
055b: a6           DMOV    EA,DE
055c: b5           DMOV    BC,EA
055d: 51           DCR     A
055e: f5           JR      $0554
055f: b8           RET     
0560: 6b 0b        MVI     C,$0B
0562: 34 b6 05     LXI     HL,$05B6
0565: 70 2f 22 80  LDED    $8022
0569: 48 82        LDEAX   (DE)
056b: 08           MOV     A,EAH
056c: 48 21        SLR     A
056e: ac           LDAX    (HL+A)
056f: b0           PUSH    VA
0570: 09           MOV     A,EAL
0571: 1a           MOV     B,A
0572: a0           POP     VA
0573: 74 4a 80     ONI     B,$80
0576: 07 f7        ANI     A,$F7
0578: 18           MOV     EAH,A
0579: 69 ff        MVI     A,$FF
057b: 19           MOV     EAL,A
057c: 55 08 20     OFFIW   VV:08,$20
057f: ca           JR      $058A
0580: 48 2b        STC     
0582: 48 b0        DRLR    EA
0584: 48 b0        DRLR    EA
0586: 48 b0        DRLR    EA
0588: 48 b0        DRLR    EA
058a: 48 94        STEAX   (DE++)
058c: 53           DCR     C
058d: 4f da        JRE     $0569
058f: b8           RET     
0590: 6b 0b        MVI     C,$0B
0592: 34 b6 05     LXI     HL,$05B6
0595: 70 2f 22 80  LDED    $8022
0599: 48 82        LDEAX   (DE)
059b: 08           MOV     A,EAH
059c: 07 7f        ANI     A,$7F
059e: ac           LDAX    (HL+A)
059f: 18           MOV     EAH,A
05a0: 69 ff        MVI     A,$FF
05a2: 19           MOV     EAL,A
05a3: 55 08 20     OFFIW   VV:08,$20
05a6: ca           JR      $05B1
05a7: 48 2b        STC     
05a9: 48 b0        DRLR    EA
05ab: 48 b0        DRLR    EA
05ad: 48 b0        DRLR    EA
05af: 48 b0        DRLR    EA
05b1: 48 94        STEAX   (DE++)
05b3: 53           DCR     C
05b4: e4           JR      $0599
05b5: b8           RET     
05b6: 0f           MOV     A,L
05b7: 1f           MOV     L,A
05b8: 0f           MOV     A,L
05b9: 1f           MOV     L,A
05ba: 2f           LDAX    (HL-)
05bb: 3f           STAX    (HL-)
05bc: 2f           LDAX    (HL-)
05bd: 3f           STAX    (HL-)
05be: 0f           MOV     A,L
05bf: 1f           MOV     L,A
05c0: 0f           MOV     A,L
05c1: 1f           MOV     L,A
05c2: 2f           LDAX    (HL-)
05c3: 3f           STAX    (HL-)
05c4: 2f           LDAX    (HL-)
05c5: 3f           STAX    (HL-)
05c6: 4f 5f        JRE     $0527
05c8: 4f 5f        JRE     $0529
05ca: 6f 7f        MVI     L,$7F
05cc: 6f 7f        MVI     L,$7F
05ce: 4f 5f        JRE     $052F
05d0: 4f 5f        JRE     $0531
05d2: 6f 7f        MVI     L,$7F
05d4: 6f 7f        MVI     L,$7F
05d6: 0f           MOV     A,L
05d7: 1f           MOV     L,A
05d8: 0f           MOV     A,L
05d9: 1f           MOV     L,A
05da: 2f           LDAX    (HL-)
05db: 3f           STAX    (HL-)
05dc: 2f           LDAX    (HL-)
05dd: 3f           STAX    (HL-)
05de: 0f           MOV     A,L
05df: 1f           MOV     L,A
05e0: 0f           MOV     A,L
05e1: 1f           MOV     L,A
05e2: 2f           LDAX    (HL-)
05e3: 3f           STAX    (HL-)
05e4: 2f           LDAX    (HL-)
05e5: 3f           STAX    (HL-)
05e6: 4f 5f        JRE     $0547
05e8: 4f 5f        JRE     $0549
05ea: 6f 7f        MVI     L,$7F
05ec: 6f 7f        MVI     L,$7F
05ee: 4f 5f        JRE     $054F
05f0: 4f 5f        JRE     $0551
05f2: 6f 7f        MVI     L,$7F
05f4: 6f 7f        MVI     L,$7F
05f6: 8f           CALT    ($009E)
05f7: 9f           CALT    ($00BE)
05f8: 8f           CALT    ($009E)
05f9: 9f           CALT    ($00BE)
05fa: af bf        LDAX    (HL+$BF)
05fc: af bf        LDAX    (HL+$BF)
05fe: 8f           CALT    ($009E)
05ff: 9f           CALT    ($00BE)
0600: 8f           CALT    ($009E)
0601: 9f           CALT    ($00BE)
0602: af bf        LDAX    (HL+$BF)
0604: af bf        LDAX    (HL+$BF)
0606: cf           JR      $0616
0607: df           JR      $0627
0608: cf           JR      $0618
0609: df           JR      $0629
060a: ef           JR      $05FA
060b: ff           JR      $060B
060c: ef           JR      $05FC
060d: ff           JR      $060D
060e: cf           JR      $061E
060f: df           JR      $062F
0610: cf           JR      $0620
0611: df           JR      $0631
0612: ef           JR      $0602
0613: ff           JR      $0613
0614: ef           JR      $0604
0615: ff           JR      $0615
0616: 8f           CALT    ($009E)
0617: 9f           CALT    ($00BE)
0618: 8f           CALT    ($009E)
0619: 9f           CALT    ($00BE)
061a: af bf        LDAX    (HL+$BF)
061c: af bf        LDAX    (HL+$BF)
061e: 8f           CALT    ($009E)
061f: 9f           CALT    ($00BE)
0620: 8f           CALT    ($009E)
0621: 9f           CALT    ($00BE)
0622: af bf        LDAX    (HL+$BF)
0624: af bf        LDAX    (HL+$BF)
0626: cf           JR      $0636
0627: df           JR      $0647
0628: cf           JR      $0638
0629: df           JR      $0649
062a: ef           JR      $061A
062b: ff           JR      $062B
062c: ef           JR      $061C
062d: ff           JR      $062D
062e: cf           JR      $063E
062f: df           JR      $064F
0630: cf           JR      $0640
0631: df           JR      $0651
0632: ef           JR      $0622
0633: ff           JR      $0633
0634: ef           JR      $0624
0635: ff           JR      $0635
0636: 55 00 20     OFFIW   VV:00,$20
0639: 40 a2 06     CALL    $06A2
063c: 01 29        LDAW    VV:29
063e: 74 e0 2c     SUBW    VV:2C
0641: 63 2e        STAW    VV:2E
0643: 01 08        LDAW    VV:08
0645: 63 09        STAW    VV:09
0647: 70 3f 0c 80  LHLD    $800C
064b: 74 4f 01     ONI     L,$01
064e: 34 82 80     LXI     HL,$8082
0651: 34 a0 80     LXI     HL,$80A0
0654: 70 3e 24 80  SHLD    $8024
0658: b8           RET     
0659: 64 9d 80     ORI     TMM,$80
065c: 64 8d 1f     ANI     TMM,$1F
065f: 10           EXA     
0660: 11           EXX     
0661: 64 d8 04     OFFI    ANM,$04
0664: dd           JR      $0682
0665: 4c e3        MOV     A,CR3
0667: 48 21        SLR     A
0669: 48 21        SLR     A
066b: 48 21        SLR     A
066d: 48 21        SLR     A
066f: 34 32 00     LXI     HL,$0032
0672: ac           LDAX    (HL+A)
0673: 4d db        MOV     TM1,A
0675: 48 42        SKIT    FT1
0677: 00           NOP     
0678: 64 0f fb     ANI     MKL,$FB
067b: 64 1e 01     ORI     MKH,$01
067e: 10           EXA     
067f: 11           EXX     
0680: aa           EI      
0681: 62           RETI    
0682: 4c e3        MOV     A,CR3
0684: 37 32        LTI     A,$32
0686: cc           JR      $0693
0687: 4c e2        MOV     A,CR2
0689: 37 32        LTI     A,$32
068b: c7           JR      $0693
068c: 4c e1        MOV     A,CR1
068e: 27 31        GTI     A,$31
0690: 54 92 0e     JMP     $0E92
0693: 55 02 08     OFFIW   VV:02,$08
0696: e4           JR      $067B
0697: 64 0f bf     ANI     MKL,$BF
069a: 45 68 20     ONIW    VV:68,$20
069d: 64 0f f7     ANI     MKL,$F7
06a0: 4f d9        JRE     $067B
06a2: 40 e3 23     CALL    $23E3
06a5: 1a           MOV     B,A
06a6: 07 70        ANI     A,$70
06a8: 48 21        SLR     A
06aa: 48 21        SLR     A
06ac: 48 21        SLR     A
06ae: 48 21        SLR     A
06b0: 63 29        STAW    VV:29
06b2: 74 0a 0f     ANI     B,$0F
06b5: 0a           MOV     A,B
06b6: 63 2a        STAW    VV:2A
06b8: 70 69 01 d0  MOV     A,($D001)
06bc: 57 10        OFFI    A,$10
06be: ca           JR      $06C9
06bf: 01 29        LDAW    VV:29
06c1: 1a           MOV     B,A
06c2: 01 2a        LDAW    VV:2A
06c4: 63 29        STAW    VV:29
06c6: 0a           MOV     A,B
06c7: 63 2a        STAW    VV:2A
06c9: b8           RET     
06ca: 04 df 97     LXI     SP,$97DF
06cd: 68 80        MVI     V,$80
06cf: 10           EXA     
06d0: 68 80        MVI     V,$80
06d2: aa           EI      
06d3: 40 d0 08     CALL    $08D0
06d6: 40 4f 0e     CALL    $0E4F
06d9: 71 68 00     MVIW    VV:68,$00
06dc: 40 5c 0d     CALL    $0D5C
06df: 40 0c 09     CALL    $090C
06e2: 40 09 0c     CALL    $0C09
06e5: 40 80 3b     CALL    $3B80
06e8: 67 ff        NEI     A,$FF
06ea: 4e bc        JRE     $07A8
06ec: 40 8f 3b     CALL    $3B8F
06ef: 67 ff        NEI     A,$FF
06f1: 54 03 08     JMP     $0803
06f4: 40 9e 3b     CALL    $3B9E
06f7: 45 68 08     ONIW    VV:68,$08
06fa: c7           JR      $0702
06fb: 69 11        MVI     A,$11
06fd: 4d d8        MOV     TXB,A
06ff: 64 0e fd     ANI     MKH,$FD
0702: 64 09 fe     ANI     PB,$FE
0705: 64 09 fd     ANI     PB,$FD
0708: 64 19 02     ORI     PB,$02
070b: 40 4c 16     CALL    $164C
070e: 45 68 80     ONIW    VV:68,$80
0711: 40 4c 16     CALL    $164C
0714: 55 68 40     OFFIW   VV:68,$40
0717: 40 4c 16     CALL    $164C
071a: 40 8e 0b     CALL    $0B8E
071d: 04 df 97     LXI     SP,$97DF
0720: 40 56 07     CALL    $0756
0723: 40 cf 0b     CALL    $0BCF
0726: 77 ff        EQI     A,$FF
0728: c5           JR      $072E
0729: 40 5e 09     CALL    $095E
072c: 4e 07        JRE     $0735
072e: 55 5c 01     OFFIW   VV:5C,$01
0731: c5           JR      $0737
0732: 40 3b 07     CALL    $073B
0735: 4f e6        JRE     $071D
0737: 40 a2 2b     CALL    $2BA2
073a: fa           JR      $0735
073b: 40 c8 0a     CALL    $0AC8
073e: 40 b4 0a     CALL    $0AB4
0741: 40 7b 0b     CALL    $0B7B
0744: 40 5f 24     CALL    $245F
0747: 77 ff        EQI     A,$FF
0749: c6           JR      $0750
074a: 40 d2 0f     CALL    $0FD2
074d: 40 fd 3b     CALL    $3BFD
0750: 01 28        LDAW    VV:28
0752: 40 ab 23     CALL    $23AB
0755: b8           RET     
0756: 55 06 08     OFFIW   VV:06,$08
0759: c5           JR      $075F
075a: 40 52 0d     CALL    $0D52
075d: 4e 2d        JRE     $078C
075f: 34 7f 00     LXI     HL,$007F
0762: 40 da 0c     CALL    $0CDA
0765: cc           JR      $0772
0766: 45 04 01     ONIW    VV:04,$01
0769: 4e 21        JRE     $078C
076b: 40 24 12     CALL    $1224
076e: 05 04 fe     ANIW    VV:04,$FE
0771: da           JR      $078C
0772: 40 fd 3b     CALL    $3BFD
0775: 33           DCX     HL
0776: 44 00 00     LXI     EA,$0000
0779: 74 ff        DEQ     EA,HL
077b: 4f e5        JRE     $0762
077d: 55 04 01     OFFIW   VV:04,$01
0780: c9           JR      $078A
0781: 40 d3 00     CALL    $00D3
0784: 40 30 12     CALL    $1230
0787: 15 04 01     ORIW    VV:04,$01
078a: 4f d3        JRE     $075F
078c: b8           RET     
078d: 55 02 80     OFFIW   VV:02,$80
0790: fc           JR      $078D
0791: 69 00        MVI     A,$00
0793: 34 00 80     LXI     HL,$8000
0796: 44 68 80     LXI     EA,$8068
0799: 3d           STAX    (HL+)
079a: 74 ff        DEQ     EA,HL
079c: fc           JR      $0799
079d: 40 6e 26     CALL    $266E
07a0: 40 0c 09     CALL    $090C
07a3: 04 df 97     LXI     SP,$97DF
07a6: 4f 66        JRE     $070E
07a8: 40 9e 3b     CALL    $3B9E
07ab: 45 68 08     ONIW    VV:68,$08
07ae: c7           JR      $07B6
07af: 69 11        MVI     A,$11
07b1: 4d d8        MOV     TXB,A
07b3: 64 0e fd     ANI     MKH,$FD
07b6: 64 09 fe     ANI     PB,$FE
07b9: 64 09 fd     ANI     PB,$FD
07bc: 64 19 02     ORI     PB,$02
07bf: 40 2b 39     CALL    $392B
07c2: 40 52 0d     CALL    $0D52
07c5: 40 5f 24     CALL    $245F
07c8: 77 00        EQI     A,$00
07ca: 40 d2 0f     CALL    $0FD2
07cd: 01 28        LDAW    VV:28
07cf: 48 21        SLR     A
07d1: 48 21        SLR     A
07d3: 48 21        SLR     A
07d5: 48 21        SLR     A
07d7: 34 f3 07     LXI     HL,$07F3
07da: ac           LDAX    (HL+A)
07db: 40 ab 23     CALL    $23AB
07de: 01 28        LDAW    VV:28
07e0: 07 0f        ANI     A,$0F
07e2: 34 f3 07     LXI     HL,$07F3
07e5: ac           LDAX    (HL+A)
07e6: 40 ab 23     CALL    $23AB
07e9: 69 20        MVI     A,$20
07eb: 40 ab 23     CALL    $23AB
07ee: 40 ab 23     CALL    $23AB
07f1: 4f cf        JRE     $07C2
07f3: 30 31        DCRW    VV:31
07f5: 32           INX     HL
07f6: 33           DCX     HL
07f7: 34 35 36     LXI     HL,$3635
07fa: 37 38        LTI     A,$38
07fc: 39           STAX    (BC)
07fd: 41           INR     A
07fe: 42           INR     B
07ff: 43           INR     C
0800: 44 45 46     LXI     EA,$4645
0803: 15 04 02     ORIW    VV:04,$02
0806: 40 6c 0e     CALL    $0E6C
0809: 67 ff        NEI     A,$FF
080b: 40 14 3c     CALL    $3C14
080e: 40 5d 08     CALL    $085D
0811: 6a 20        MVI     B,$20
0813: 0a           MOV     A,B
0814: 1b           MOV     C,A
0815: 0b           MOV     A,C
0816: 63 28        STAW    VV:28
0818: 40 cf 0b     CALL    $0BCF
081b: 77 ff        EQI     A,$FF
081d: c3           JR      $0821
081e: 43           INR     C
081f: 00           NOP     
0820: f4           JR      $0815
0821: b1           PUSH    BC
0822: 40 c8 0a     CALL    $0AC8
0825: 40 b4 0a     CALL    $0AB4
0828: 40 7b 0b     CALL    $0B7B
082b: a1           POP     BC
082c: 40 5f 24     CALL    $245F
082f: 77 ff        EQI     A,$FF
0831: 4e 21        JRE     $0854
0833: b1           PUSH    BC
0834: 55 68 01     OFFIW   VV:68,$01
0837: c8           JR      $0840
0838: 40 6c 0e     CALL    $0E6C
083b: 67 ff        NEI     A,$FF
083d: 40 14 3c     CALL    $3C14
0840: 40 d2 0f     CALL    $0FD2
0843: a1           POP     BC
0844: 42           INR     B
0845: 00           NOP     
0846: 0a           MOV     A,B
0847: 1b           MOV     C,A
0848: 63 28        STAW    VV:28
084a: 40 cf 0b     CALL    $0BCF
084d: 77 ff        EQI     A,$FF
084f: c3           JR      $0853
0850: 42           INR     B
0851: 00           NOP     
0852: f3           JR      $0846
0853: c7           JR      $085B
0854: 01 28        LDAW    VV:28
0856: 40 ab 23     CALL    $23AB
0859: 43           INR     C
085a: 00           NOP     
085b: 4f b8        JRE     $0815
085d: 34 71 08     LXI     HL,$0871
0860: 2d           LDAX    (HL+)
0861: 67 00        NEI     A,$00
0863: c6           JR      $086A
0864: b3           PUSH    HL
0865: 40 ab 23     CALL    $23AB
0868: a3           POP     HL
0869: f6           JR      $0860
086a: 40 d2 0f     CALL    $0FD2
086d: 40 d2 0f     CALL    $0FD2
0870: b8           RET     

; ---- DATA 0871-08B2: version/copyright text; terminator byte at 08B3 is shared with code ----
0871: 20 20 20 20 56 65 72 73 69 6f 6e 20 32 2e 30 30
0881: 00 77 72 69 74 74 65 6e 20 62 79 20 53 2e 54 61
0891: 6e 61 6b 61 20 26 20 4b 2e 41 6e 64 6f 28 43 29
08a1: 20 45 50 53 4f 4e 20 43 6f 72 70 6f 72 61 74 69
08b1: 6f 6e

; ---- CODE 08B3-096F ----
08b3: 40 d3 00     CALL    $00D3
08b6: 40 6f 0a     CALL    $0A6F
08b9: c9           JR      $08C3
08ba: c1           JR      $08BC
08bb: b8           RET     
08bc: 05 06 f7     ANIW    VV:06,$F7
08bf: 05 02 df     ANIW    VV:02,$DF
08c2: cc           JR      $08CF
08c3: 15 06 08     ORIW    VV:06,$08
08c6: 15 02 20     ORIW    VV:02,$20
08c9: 15 04 01     ORIW    VV:04,$01
08cc: 40 30 12     CALL    $1230
08cf: b8           RET     
08d0: 69 ff        MVI     A,$FF
08d2: 4d c0        MOV     PA,A
08d4: 4d c1        MOV     PB,A
08d6: 69 c5        MVI     A,$C5
08d8: 4d c2        MOV     PC,A
08da: 60 91        XRA     A,A
08dc: 4d d2        MOV     MA,A
08de: 69 78        MVI     A,$78
08e0: 4d d3        MOV     MB,A
08e2: 69 2b        MVI     A,$2B
08e4: 4d d1        MOV     MCC,A
08e6: 69 3a        MVI     A,$3A
08e8: 4d d4        MOV     MC,A
08ea: 69 fb        MVI     A,$FB
08ec: 4d c1        MOV     PB,A
08ee: 6b 09        MVI     C,$09
08f0: 40 53 39     CALL    $3953
08f3: 40 25 0e     CALL    $0E25
08f6: 6b 09        MVI     C,$09
08f8: 40 53 39     CALL    $3953
08fb: 69 00        MVI     A,$00
08fd: 40 dc 39     CALL    $39DC
0900: 40 a8 3b     CALL    $3BA8
0903: 40 1b 0e     CALL    $0E1B
0906: 69 05        MVI     A,$05
0908: 40 dc 39     CALL    $39DC
090b: b8           RET     
090c: 05 03 f7     ANIW    VV:03,$F7
090f: 71 5b 00     MVIW    VV:5B,$00
0912: 40 bd 3b     CALL    $3BBD
0915: 47 10        ONI     A,$10
0917: 15 01 08     ORIW    VV:01,$08
091a: 47 01        ONI     A,$01
091c: 15 01 04     ORIW    VV:01,$04
091f: 40 f0 3a     CALL    $3AF0
0922: 57 04        OFFI    A,$04
0924: 40 68 0e     CALL    $0E68
0927: 07 ef        ANI     A,$EF
0929: 63 5b        STAW    VV:5B
092b: 6a 00        MVI     B,$00
092d: 01 5b        LDAW    VV:5B
092f: 57 80        OFFI    A,$80
0931: 74 1a 01     ORI     B,$01
0934: 57 40        OFFI    A,$40
0936: 74 1a 02     ORI     B,$02
0939: 57 20        OFFI    A,$20
093b: 74 1a 04     ORI     B,$04
093e: 0a           MOV     A,B
093f: 63 4f        STAW    VV:4F
0941: 05 5b df     ANIW    VV:5B,$DF
0944: 69 54        MVI     A,$54
0946: 70 79 6f 80  MOV     ($806F),A
094a: 70 79 72 80  MOV     ($8072),A
094e: 40 40 0f     CALL    $0F40
0951: 40 a3 23     CALL    $23A3
0954: 40 2e 25     CALL    $252E
0957: 40 59 33     CALL    $3359
095a: 40 7c 29     CALL    $297C
095d: b8           RET     
095e: 70 6a 28 80  MOV     B,($8028)
0962: 6b 0e        MVI     C,$0E
0964: 34 70 09     LXI     HL,$0970
0967: 40 00 0c     CALL    $0C00
096a: c1           JR      $096C
096b: b8           RET     
096c: 48 83        LDEAX   (HL)
096e: 48 28        JEA     

; ---- DATA 0970-099C: low-control dispatch table, 15 three-byte entries ----
0970: 07 2b 39 08 93 00 09 01 3f 0a d2 0f 0b dc 11 0c
0980: 64 10 0d 87 00 0e 2b 3a 0f 12 3a 12 1d 3a 13 8e
0990: 0b 14 2f 3a 18 fe 23 1b 9d 09 7f 1b 24

; ---- CODE 099D-09C6 ----
099d: 40 52 0d     CALL    $0D52
09a0: 01 28        LDAW    VV:28
09a2: 07 7f        ANI     A,$7F
09a4: 63 28        STAW    VV:28
09a6: 70 6a 28 80  MOV     B,($8028)
09aa: 6b 25        MVI     C,$25
09ac: 34 fd 09     LXI     HL,$09FD
09af: 40 00 0c     CALL    $0C00
09b2: c1           JR      $09B4
09b3: c4           JR      $09B8
09b4: 48 83        LDEAX   (HL)
09b6: 48 28        JEA     
09b8: 01 28        LDAW    VV:28
09ba: 27 3f        GTI     A,$3F
09bc: b8           RET     
09bd: 37 5b        LTI     A,$5B
09bf: b8           RET     
09c0: 66 40        SUI     A,$40
09c2: 48 25        SLL     A
09c4: 48 a8        TABLE   
09c6: 21           JB      

; ---- DATA 09C7-09FC: uppercase ESC compact table, 27 two-byte entries ----
09c7: 8d 07 bc 0f 91 11 21 10 60 3f 60 3a 6b 3a 79 3a
09d7: 7d 3a b9 0b c7 10 0f 39 14 39 84 3a 9a 10 c3 10
09e7: 8f 3a 86 24 be 0a 9d 3a af 3a b3 3a bf 09 c1 3a
09f7: bf 09 19 39 1e 39

; ---- DATA 09FD-0A6E: explicit ESC dispatch table, 38 three-byte entries ----
09fd: 3f cd 38 0e 2b 3a 0f 12 3a 19 0d 14 21 36 3a 23
0a0d: 8b 0a 3a 6c 16 25 a7 16 26 e1 16 2a 71 33 2d 52
0a1d: 3a 24 32 2a 5c 66 2a 2f 86 11 20 24 2a 30 ae 0f
0a2d: 31 b0 0f 32 b2 0f 33 b5 0f 34 ac 0a 35 b0 0a 36
0a3d: c7 0b 37 cb 0b 38 64 0e 39 68 0e 3c 6e 26 3e 8f
0a4d: 0a 3d 93 0a 5e 1d 35 61 92 2a 62 70 11 69 b3 08
0a5d: 6a 26 11 6b 14 2a 6c b9 24 70 d5 3a 73 79 26 78
0a6d: a7 29

; ---- CODE 0A6F-0AF6 ----
0a6f: 40 52 0d     CALL    $0D52
0a72: a3           POP     HL
0a73: 07 7f        ANI     A,$7F
0a75: 67 01        NEI     A,$01
0a77: d1           JR      $0A89
0a78: 67 81        NEI     A,$81
0a7a: ce           JR      $0A89
0a7b: 67 31        NEI     A,$31
0a7d: cb           JR      $0A89
0a7e: 32           INX     HL
0a7f: 67 00        NEI     A,$00
0a81: c7           JR      $0A89
0a82: 67 80        NEI     A,$80
0a84: c4           JR      $0A89
0a85: 67 30        NEI     A,$30
0a87: c1           JR      $0A89
0a88: 32           INX     HL
0a89: b3           PUSH    HL
0a8a: b8           RET     
0a8b: 05 03 fe     ANIW    VV:03,$FE
0a8e: b8           RET     
0a8f: 15 03 03     ORIW    VV:03,$03
0a92: b8           RET     
0a93: 15 03 01     ORIW    VV:03,$01
0a96: 05 03 fd     ANIW    VV:03,$FD
0a99: b8           RET     
0a9a: 45 03 01     ONIW    VV:03,$01
0a9d: cb           JR      $0AA9
0a9e: 45 03 02     ONIW    VV:03,$02
0aa1: c4           JR      $0AA6
0aa2: 15 28 80     ORIW    VV:28,$80
0aa5: c3           JR      $0AA9
0aa6: 05 28 7f     ANIW    VV:28,$7F
0aa9: 01 28        LDAW    VV:28
0aab: b8           RET     
0aac: 15 5b 10     ORIW    VV:5B,$10
0aaf: b8           RET     
0ab0: 05 5b ef     ANIW    VV:5B,$EF
0ab3: b8           RET     
0ab4: 45 5b 10     ONIW    VV:5B,$10
0ab7: b8           RET     
0ab8: 15 28 80     ORIW    VV:28,$80
0abb: 01 28        LDAW    VV:28
0abd: b8           RET     
0abe: 40 52 0d     CALL    $0D52
0ac1: 07 7f        ANI     A,$7F
0ac3: 27 0a        GTI     A,$0A
0ac5: 63 4f        STAW    VV:4F
0ac7: b8           RET     
0ac8: b4           PUSH    EA
0ac9: b1           PUSH    BC
0aca: b2           PUSH    DE
0acb: b3           PUSH    HL
0acc: 70 6a 28 80  MOV     B,($8028)
0ad0: 74 0a 7f     ANI     B,$7F
0ad3: 34 f7 0a     LXI     HL,$0AF7
0ad6: 6b 0b        MVI     C,$0B
0ad8: 2b           LDAX    (HL)
0ad9: 60 7a        EQA     B,A
0adb: cb           JR      $0AE7
0adc: 01 4f        LDAW    VV:4F
0ade: ac           LDAX    (HL+A)
0adf: 55 28 80     OFFIW   VV:28,$80
0ae2: 17 80        ORI     A,$80
0ae4: 63 28        STAW    VV:28
0ae6: cb           JR      $0AF2
0ae7: 44 0b 00     LXI     EA,$000B
0aea: 74 c7        DADD    EA,HL
0aec: b7           DMOV    HL,EA
0aed: 53           DCR     C
0aee: 4f e8        JRE     $0AD8
0af0: 01 28        LDAW    VV:28
0af2: a3           POP     HL
0af3: a2           POP     DE
0af4: a1           POP     BC
0af5: a4           POP     EA
0af6: b8           RET     

; ---- DATA 0AF7-0B7A: international character remap table ----
0af7: 23 23 23 06 23 23 23 0c 23 23 23 24 24 24 24 24
0b07: 0b 24 24 24 0b 24 40 00 10 40 40 1d 40 40 40 1d
0b17: 1d 5b 05 17 5b 12 17 05 07 5b 12 12 5c 0f 18 5c
0b27: 14 18 5c 09 1f 14 14 5d 10 19 5d 0d 0d 1e 08 5d
0b37: 0d 0d 5e 5e 5e 5e 5e 19 5e 5e 5e 19 19 60 60 60
0b47: 60 60 1e 02 60 60 1e 1e 7b 1e 1a 7b 13 1a 00 16
0b57: 7b 13 13 7c 02 1b 7c 15 1b 03 0a 7c 15 15 7d 01
0b67: 1c 7d 0e 0e 01 7d 7d 0e 0e 7e 16 11 7e 7e 1c 04
0b77: 7e 7e 1c 1c

; ---- CODE 0B7B-17A2 ----
0b7b: 55 5b 02     OFFIW   VV:5B,$02
0b7e: b8           RET     
0b7f: 75 28 30     EQIW    VV:28,$30
0b82: c4           JR      $0B87
0b83: 71 28 7f     MVIW    VV:28,$7F
0b86: b8           RET     
0b87: 65 28 b0     NEIW    VV:28,$B0
0b8a: 71 28 ff     MVIW    VV:28,$FF
0b8d: b8           RET     
0b8e: 64 80 00     MVI     ANM,$00
0b91: 48 48        SKIT    FAD
0b93: 48 48        SKIT    FAD
0b95: fd           JR      $0B93
0b96: 4c e1        MOV     A,CR1
0b98: 1a           MOV     B,A
0b99: 48 48        SKIT    FAD
0b9b: 48 48        SKIT    FAD
0b9d: fd           JR      $0B9B
0b9e: 4c e1        MOV     A,CR1
0ba0: 60 92        XRA     A,B
0ba2: 57 80        OFFI    A,$80
0ba4: e9           JR      $0B8E
0ba5: 74 4a 80     ONI     B,$80
0ba8: c4           JR      $0BAD
0ba9: 64 80 01     MVI     ANM,$01
0bac: b8           RET     
0bad: 40 52 0d     CALL    $0D52
0bb0: 07 7f        ANI     A,$7F
0bb2: 77 11        EQI     A,$11
0bb4: f8           JR      $0BAD
0bb5: 64 80 01     MVI     ANM,$01
0bb8: b8           RET     
0bb9: 40 6f 0a     CALL    $0A6F
0bbc: c2           JR      $0BBF
0bbd: c5           JR      $0BC3
0bbe: b8           RET     
0bbf: 15 03 20     ORIW    VV:03,$20
0bc2: b8           RET     
0bc3: 05 03 df     ANIW    VV:03,$DF
0bc6: b8           RET     
0bc7: 15 03 40     ORIW    VV:03,$40
0bca: b8           RET     
0bcb: 05 03 bf     ANIW    VV:03,$BF
0bce: b8           RET     
0bcf: b1           PUSH    BC
0bd0: b3           PUSH    HL
0bd1: 01 28        LDAW    VV:28
0bd3: 45 03 40     ONIW    VV:03,$40
0bd6: 07 7f        ANI     A,$7F
0bd8: 67 7f        NEI     A,$7F
0bda: c4           JR      $0BDF
0bdb: 37 20        LTI     A,$20
0bdd: 4e 1a        JRE     $0BF9
0bdf: 55 03 20     OFFIW   VV:03,$20
0be2: c5           JR      $0BE8
0be3: 05 28 7f     ANIW    VV:28,$7F
0be6: 4e 13        JRE     $0BFB
0be8: 70 6a 28 80  MOV     B,($8028)
0bec: 74 0a 7f     ANI     B,$7F
0bef: 6b 0e        MVI     C,$0E
0bf1: 34 70 09     LXI     HL,$0970
0bf4: 40 00 0c     CALL    $0C00
0bf7: 4f ea        JRE     $0BE3
0bf9: 69 00        MVI     A,$00
0bfb: 69 ff        MVI     A,$FF
0bfd: a3           POP     HL
0bfe: a1           POP     BC
0bff: b8           RET     
0c00: 2d           LDAX    (HL+)
0c01: 60 ea        NEA     A,B
0c03: b8           RET     
0c04: 32           INX     HL
0c05: 32           INX     HL
0c06: 53           DCR     C
0c07: f8           JR      $0C00
0c08: b9           RETS    
0c09: 15 68 40     ORIW    VV:68,$40
0c0c: 40 bd 3b     CALL    $3BBD
0c0f: 47 08        ONI     A,$08
0c11: 15 68 80     ORIW    VV:68,$80
0c14: 45 68 80     ONIW    VV:68,$80
0c17: c8           JR      $0C20
0c18: 24 99 88     LXI     DE,$8899
0c1b: 70 2e c0 80  SDED    $80C0
0c1f: c7           JR      $0C27
0c20: 24 62 81     LXI     DE,$8162
0c23: 70 2e c0 80  SDED    $80C0
0c27: 34 ca 80     LXI     HL,$80CA
0c2a: 70 3e be 80  SHLD    $80BE
0c2e: 70 3e c2 80  SHLD    $80C2
0c32: 70 3e c4 80  SHLD    $80C4
0c36: a6           DMOV    EA,DE
0c37: 74 e7        DSUB    EA,HL
0c39: b6           DMOV    DE,EA
0c3a: 70 2e c6 80  SDED    $80C6
0c3e: 70 2e c8 80  SDED    $80C8
0c42: b8           RET     
0c43: 15 68 20     ORIW    VV:68,$20
0c46: 64 1f 08     ORI     MKL,$08
0c49: aa           EI      
0c4a: b0           PUSH    VA
0c4b: b4           PUSH    EA
0c4c: b2           PUSH    DE
0c4d: b3           PUSH    HL
0c4e: 64 19 01     ORI     PB,$01
0c51: 70 69 00 d8  MOV     A,($D800)
0c55: ba           DI      
0c56: 64 09 fd     ANI     PB,$FD
0c59: 64 09 fe     ANI     PB,$FE
0c5c: 64 19 02     ORI     PB,$02
0c5f: aa           EI      
0c60: 70 3f c2 80  LHLD    $80C2
0c64: 3d           STAX    (HL+)
0c65: a7           DMOV    EA,HL
0c66: 70 2f c0 80  LDED    $80C0
0c6a: 74 ee        DNE     EA,DE
0c6c: 70 3f be 80  LHLD    $80BE
0c70: 70 3e c2 80  SHLD    $80C2
0c74: 70 2f c6 80  LDED    $80C6
0c78: 23           DCX     DE
0c79: 70 2e c6 80  SDED    $80C6
0c7d: 44 00 00     LXI     EA,$0000
0c80: 74 fe        DEQ     EA,DE
0c82: 05 68 df     ANIW    VV:68,$DF
0c85: a3           POP     HL
0c86: a2           POP     DE
0c87: a4           POP     EA
0c88: a0           POP     VA
0c89: 62           RETI    
0c8a: 64 1e 02     ORI     MKH,$02
0c8d: aa           EI      
0c8e: b0           PUSH    VA
0c8f: b4           PUSH    EA
0c90: b2           PUSH    DE
0c91: b3           PUSH    HL
0c92: 4c d9        MOV     A,RXB
0c94: 55 68 04     OFFIW   VV:68,$04
0c97: 4e 39        JRE     $0CD2
0c99: 48 6b        SKNIT   ER
0c9b: 4e 35        JRE     $0CD2
0c9d: 70 3f c2 80  LHLD    $80C2
0ca1: 3d           STAX    (HL+)
0ca2: a7           DMOV    EA,HL
0ca3: 70 2f c0 80  LDED    $80C0
0ca7: 74 ee        DNE     EA,DE
0ca9: 70 3f be 80  LHLD    $80BE
0cad: 70 3e c2 80  SHLD    $80C2
0cb1: 70 2f c6 80  LDED    $80C6
0cb5: 23           DCX     DE
0cb6: 70 2e c6 80  SDED    $80C6
0cba: 44 01 00     LXI     EA,$0001
0cbd: 74 ee        DNE     EA,DE
0cbf: 15 68 04     ORIW    VV:68,$04
0cc2: 44 50 00     LXI     EA,$0050
0cc5: 74 fe        DEQ     EA,DE
0cc7: ca           JR      $0CD2
0cc8: 69 13        MVI     A,$13
0cca: 4d d8        MOV     TXB,A
0ccc: 64 19 01     ORI     PB,$01
0ccf: 15 68 10     ORIW    VV:68,$10
0cd2: a3           POP     HL
0cd3: a2           POP     DE
0cd4: a4           POP     EA
0cd5: a0           POP     VA
0cd6: 64 0e fd     ANI     MKH,$FD
0cd9: 62           RETI    
0cda: ba           DI      
0cdb: 15 68 20     ORIW    VV:68,$20
0cde: 64 1f 08     ORI     MKL,$08
0ce1: aa           EI      
0ce2: 64 1e 02     ORI     MKH,$02
0ce5: b4           PUSH    EA
0ce6: b3           PUSH    HL
0ce7: b2           PUSH    DE
0ce8: 70 3f c8 80  LHLD    $80C8
0cec: a7           DMOV    EA,HL
0ced: 70 2f c6 80  LDED    $80C6
0cf1: 74 ee        DNE     EA,DE
0cf3: 4e 4d        JRE     $0D42
0cf5: 70 3f c4 80  LHLD    $80C4
0cf9: 2d           LDAX    (HL+)
0cfa: 63 28        STAW    VV:28
0cfc: 22           INX     DE
0cfd: 70 2e c6 80  SDED    $80C6
0d01: b2           PUSH    DE
0d02: 70 2f c0 80  LDED    $80C0
0d06: a7           DMOV    EA,HL
0d07: 74 ee        DNE     EA,DE
0d09: 70 3f be 80  LHLD    $80BE
0d0d: 70 3e c4 80  SHLD    $80C4
0d11: a2           POP     DE
0d12: 45 68 08     ONIW    VV:68,$08
0d15: d8           JR      $0D2E
0d16: 05 68 fb     ANIW    VV:68,$FB
0d19: 44 98 00     LXI     EA,$0098
0d1c: 74 fe        DEQ     EA,DE
0d1e: d2           JR      $0D31
0d1f: 45 68 10     ONIW    VV:68,$10
0d22: ce           JR      $0D31
0d23: 64 09 fe     ANI     PB,$FE
0d26: 69 11        MVI     A,$11
0d28: 4d d8        MOV     TXB,A
0d2a: 05 68 ef     ANIW    VV:68,$EF
0d2d: c3           JR      $0D31
0d2e: 05 68 df     ANIW    VV:68,$DF
0d31: a2           POP     DE
0d32: a3           POP     HL
0d33: a4           POP     EA
0d34: ba           DI      
0d35: 45 68 20     ONIW    VV:68,$20
0d38: 64 0f f7     ANI     MKL,$F7
0d3b: aa           EI      
0d3c: 64 0e fd     ANI     MKH,$FD
0d3f: 01 28        LDAW    VV:28
0d41: b9           RETS    
0d42: 05 68 df     ANIW    VV:68,$DF
0d45: a2           POP     DE
0d46: a3           POP     HL
0d47: a4           POP     EA
0d48: 45 68 08     ONIW    VV:68,$08
0d4b: 64 0f f7     ANI     MKL,$F7
0d4e: 64 0e fd     ANI     MKH,$FD
0d51: b8           RET     
0d52: 40 fd 3b     CALL    $3BFD
0d55: 40 da 0c     CALL    $0CDA
0d58: f9           JR      $0D52
0d59: 54 9a 0a     JMP     $0A9A
0d5c: 05 04 ef     ANIW    VV:04,$EF
0d5f: 4c c1        MOV     A,PB
0d61: 1b           MOV     C,A
0d62: 4c c1        MOV     A,PB
0d64: 60 93        XRA     A,C
0d66: 57 08        OFFI    A,$08
0d68: f3           JR      $0D5C
0d69: 74 5b 08     OFFI    C,$08
0d6c: b8           RET     
0d6d: 70 69 00 d8  MOV     A,($D800)
0d71: 48 63        SKNIT   F1
0d73: f9           JR      $0D6D
0d74: 70 69 00 d8  MOV     A,($D800)
0d78: 70 6b 00 d8  MOV     C,($D800)
0d7c: 48 63        SKNIT   F1
0d7e: ee           JR      $0D6D
0d7f: 60 93        XRA     A,C
0d81: 57 ff        OFFI    A,$FF
0d83: e9           JR      $0D6D
0d84: 0b           MOV     A,C
0d85: 1a           MOV     B,A
0d86: 07 06        ANI     A,$06
0d88: 48 22        SLR     B
0d8a: 48 22        SLR     B
0d8c: 74 0a 18     ANI     B,$18
0d8f: 60 1a        ORA     B,A
0d91: 34 c0 0d     LXI     HL,$0DC0
0d94: ad           LDAX    (HL+B)
0d95: 4d da        MOV     TM0,A
0d97: 67 01        NEI     A,$01
0d99: 15 04 10     ORIW    VV:04,$10
0d9c: 42           INR     B
0d9d: ad           LDAX    (HL+B)
0d9e: 74 4b 01     ONI     C,$01
0da1: 07 fb        ANI     A,$FB
0da3: 74 5b 10     OFFI    C,$10
0da6: 07 ef        ANI     A,$EF
0da8: 74 5b 08     OFFI    C,$08
0dab: 07 df        ANI     A,$DF
0dad: 4d ca        MOV     SML,A
0daf: 69 0c        MVI     A,$0C
0db1: 4d c9        MOV     SMH,A
0db3: 64 9d 1f     ORI     TMM,$1F
0db6: 64 8d e8     ANI     TMM,$E8
0db9: 15 68 28     ORIW    VV:68,$28
0dbc: 48 4b        SKIT    ER
0dbe: 00           NOP     
0dbf: b8           RET     
0dc0: 40 ff ae     CALL    $AEFF
0dc3: fe           JR      $0DC2
0dc4: 8e           CALT    ($009C)
0dc5: fe           JR      $0DC4
0dc6: 80           CALT    ($0080)
0dc7: fe           JR      $0DC6
0dc8: 60 fe        EQA     A,H
0dca: 40 fe 20     CALL    $20FE
0dcd: fe           JR      $0DCC
0dce: 10           EXA     
0dcf: fe           JR      $0DCE
0dd0: 0b           MOV     A,C
0dd1: fe           JR      $0DD0
0dd2: 08           MOV     A,EAH
0dd3: fe           JR      $0DD2
0dd4: 04 fe 02     LXI     SP,$02FE
0dd7: fe           JR      $0DD6
0dd8: 01 fe        LDAW    VV:FE
0dda: 01 fe        LDAW    VV:FE
0ddc: 01 fe        LDAW    VV:FE
0dde: 01 fe        LDAW    VV:FE
0de0: 45 04 02     ONIW    VV:04,$02
0de3: 45 04 10     ONIW    VV:04,$10
0de6: ca           JR      $0DF1
0de7: 64 19 01     ORI     PB,$01
0dea: 69 13        MVI     A,$13
0dec: 4d d8        MOV     TXB,A
0dee: 15 68 10     ORIW    VV:68,$10
0df1: b8           RET     
0df2: 55 04 10     OFFIW   VV:04,$10
0df5: 64 1e 02     ORI     MKH,$02
0df8: b8           RET     
0df9: 45 04 02     ONIW    VV:04,$02
0dfc: 45 04 10     ONIW    VV:04,$10
0dff: d9           JR      $0E19
0e00: 64 0e fd     ANI     MKH,$FD
0e03: ba           DI      
0e04: 44 98 00     LXI     EA,$0098
0e07: 70 3f c6 80  LHLD    $80C6
0e0b: 74 ff        DEQ     EA,HL
0e0d: cb           JR      $0E19
0e0e: 45 68 10     ONIW    VV:68,$10
0e11: c7           JR      $0E19
0e12: 64 09 fe     ANI     PB,$FE
0e15: 69 11        MVI     A,$11
0e17: 4d d8        MOV     TXB,A
0e19: aa           EI      
0e1a: b8           RET     
0e1b: 69 29        MVI     A,$29
0e1d: 40 dc 39     CALL    $39DC
0e20: 69 df        MVI     A,$DF
0e22: 54 a6 39     JMP     $39A6
0e25: 64 98 05     ORI     ANM,$05
0e28: 48 48        SKIT    FAD
0e2a: 48 48        SKIT    FAD
0e2c: fd           JR      $0E2A
0e2d: 44 00 00     LXI     EA,$0000
0e30: 4c e0        MOV     A,CR0
0e32: 70 41        EADD    EA,A
0e34: 4c e1        MOV     A,CR1
0e36: 70 41        EADD    EA,A
0e38: 4c e2        MOV     A,CR2
0e3a: 70 41        EADD    EA,A
0e3c: 4c e3        MOV     A,CR3
0e3e: 70 41        EADD    EA,A
0e40: 34 32 00     LXI     HL,$0032
0e43: 74 af        DGT     EA,HL
0e45: 4e 4b        JRE     $0E92
0e47: 34 96 03     LXI     HL,$0396
0e4a: 74 bf        DLT     EA,HL
0e4c: 4e 5c        JRE     $0EAA
0e4e: b8           RET     
0e4f: 24 e0 96     LXI     DE,$96E0
0e52: 69 55        MVI     A,$55
0e54: 3a           STAX    (DE)
0e55: 2a           LDAX    (DE)
0e56: 1a           MOV     B,A
0e57: 69 00        MVI     A,$00
0e59: 3e           STAX    (DE-)
0e5a: 74 6a 55     NEI     B,$55
0e5d: f4           JR      $0E52
0e5e: 22           INX     DE
0e5f: 70 2e 69 80  SDED    $8069
0e63: b8           RET     
0e64: 05 03 fb     ANIW    VV:03,$FB
0e67: b8           RET     
0e68: 15 03 04     ORIW    VV:03,$04
0e6b: b8           RET     
0e6c: ba           DI      
0e6d: b1           PUSH    BC
0e6e: 64 80 00     MVI     ANM,$00
0e71: 48 48        SKIT    FAD
0e73: 48 48        SKIT    FAD
0e75: fd           JR      $0E73
0e76: 4c e3        MOV     A,CR3
0e78: 1a           MOV     B,A
0e79: 48 48        SKIT    FAD
0e7b: 48 48        SKIT    FAD
0e7d: fd           JR      $0E7B
0e7e: 4c e3        MOV     A,CR3
0e80: 60 92        XRA     A,B
0e82: 57 80        OFFI    A,$80
0e84: e9           JR      $0E6E
0e85: 74 4a 80     ONI     B,$80
0e88: 69 ff        MVI     A,$FF
0e8a: 69 00        MVI     A,$00
0e8c: 64 80 01     MVI     ANM,$01
0e8f: a1           POP     BC
0e90: aa           EI      
0e91: b8           RET     
0e92: 40 1a 0f     CALL    $0F1A
0e95: 64 19 04     ORI     PB,$04
0e98: 71 24 03     MVIW    VV:24,$03
0e9b: 6b 18        MVI     C,$18
0e9d: 40 37 39     CALL    $3937
0ea0: 6b 18        MVI     C,$18
0ea2: 40 53 39     CALL    $3953
0ea5: 30 24        DCRW    VV:24
0ea7: f3           JR      $0E9B
0ea8: ba           DI      
0ea9: ff           JR      $0EA9
0eaa: 40 1a 0f     CALL    $0F1A
0ead: 64 19 04     ORI     PB,$04
0eb0: 71 24 02     MVIW    VV:24,$02
0eb3: 6b 08        MVI     C,$08
0eb5: 40 37 39     CALL    $3937
0eb8: 6b 08        MVI     C,$08
0eba: 40 53 39     CALL    $3953
0ebd: 30 24        DCRW    VV:24
0ebf: f3           JR      $0EB3
0ec0: 6b 18        MVI     C,$18
0ec2: 40 37 39     CALL    $3937
0ec5: ba           DI      
0ec6: ff           JR      $0EC6
0ec7: ba           DI      
0ec8: 64 00 ff     MVI     PA,$FF
0ecb: 64 19 80     ORI     PB,$80
0ece: 40 1a 0f     CALL    $0F1A
0ed1: 64 19 01     ORI     PB,$01
0ed4: 69 13        MVI     A,$13
0ed6: 4d d8        MOV     TXB,A
0ed8: 64 19 04     ORI     PB,$04
0edb: 71 22 01     MVIW    VV:22,$01
0ede: 71 24 02     MVIW    VV:24,$02
0ee1: 6b 08        MVI     C,$08
0ee3: 40 37 39     CALL    $3937
0ee6: 6b 08        MVI     C,$08
0ee8: 40 53 39     CALL    $3953
0eeb: 30 24        DCRW    VV:24
0eed: f3           JR      $0EE1
0eee: 6b 10        MVI     C,$10
0ef0: 40 53 39     CALL    $3953
0ef3: 30 22        DCRW    VV:22
0ef5: e8           JR      $0EDE
0ef6: ff           JR      $0EF6
0ef7: 55 5b 20     OFFIW   VV:5B,$20
0efa: b8           RET     
0efb: 71 22 04     MVIW    VV:22,$04
0efe: 71 24 03     MVIW    VV:24,$03
0f01: 6b 08        MVI     C,$08
0f03: 40 33 39     CALL    $3933
0f06: 6b 08        MVI     C,$08
0f08: 40 53 39     CALL    $3953
0f0b: 30 24        DCRW    VV:24
0f0d: f3           JR      $0F01
0f0e: 6b 10        MVI     C,$10
0f10: 40 53 39     CALL    $3953
0f13: 30 22        DCRW    VV:22
0f15: e8           JR      $0EFE
0f16: 15 04 40     ORIW    VV:04,$40
0f19: b8           RET     
0f1a: 69 28        MVI     A,$28
0f1c: 40 fa 39     CALL    $39FA
0f1f: 69 20        MVI     A,$20
0f21: 54 c4 39     JMP     $39C4
0f24: ba           DI      
0f25: 64 19 04     ORI     PB,$04
0f28: 64 00 ff     MVI     PA,$FF
0f2b: 64 19 80     ORI     PB,$80
0f2e: 48 40        SKIT    NMI
0f30: fd           JR      $0F2E
0f31: 69 ff        MVI     A,$FF
0f33: 4d d2        MOV     MA,A
0f35: 4d d3        MOV     MB,A
0f37: 4d d4        MOV     MC,A
0f39: 4d c7        MOV     MKL,A
0f3b: 4d c6        MOV     MKH,A
0f3d: 54 ca 06     JMP     $06CA
0f40: 40 ee 0f     CALL    $0FEE
0f43: 40 4d 11     CALL    $114D
0f46: 14 10 00     LXI     BC,$0010
0f49: 6d 80        MVI     E,$80
0f4b: 55 02 80     OFFIW   VV:02,$80
0f4e: fc           JR      $0F4B
0f4f: 15 02 80     ORIW    VV:02,$80
0f52: 34 a1 12     LXI     HL,$12A1
0f55: 70 3e 73 80  SHLD    $8073
0f59: 10           EXA     
0f5a: 11           EXX     
0f5b: 72           SOFTI   
0f5c: 6b 05        MVI     C,$05
0f5e: 40 53 39     CALL    $3953
0f61: 14 10 00     LXI     BC,$0010
0f64: 6d 00        MVI     E,$00
0f66: 55 02 80     OFFIW   VV:02,$80
0f69: fc           JR      $0F66
0f6a: 15 02 80     ORIW    VV:02,$80
0f6d: 34 a1 12     LXI     HL,$12A1
0f70: 70 3e 73 80  SHLD    $8073
0f74: 10           EXA     
0f75: 11           EXX     
0f76: 72           SOFTI   
0f77: 40 b2 3b     CALL    $3BB2
0f7a: 47 80        ONI     A,$80
0f7c: 34 48 09     LXI     HL,$0948
0f7f: 34 20 0a     LXI     HL,$0A20
0f82: 70 3e 9f 88  SHLD    $889F
0f86: 40 c3 10     CALL    $10C3
0f89: 40 ce 3b     CALL    $3BCE
0f8c: 57 02        OFFI    A,$02
0f8e: c6           JR      $0F95
0f8f: 44 d8 00     LXI     EA,$00D8
0f92: 40 a8 10     CALL    $10A8
0f95: 05 68 fe     ANIW    VV:68,$FE
0f98: 40 ce 3b     CALL    $3BCE
0f9b: 57 04        OFFI    A,$04
0f9d: c3           JR      $0FA1
0f9e: 40 28 14     CALL    $1428
0fa1: 69 0c        MVI     A,$0C
0fa3: 40 c4 0f     CALL    $0FC4
0fa6: 14 00 00     LXI     BC,$0000
0fa9: 70 1e a9 88  SBCD    $88A9
0fad: b8           RET     
0fae: 69 09        MVI     A,$09
0fb0: 69 07        MVI     A,$07
0fb2: 69 0c        MVI     A,$0C
0fb4: cf           JR      $0FC4
0fb5: 40 52 0d     CALL    $0D52
0fb8: 1b           MOV     C,A
0fb9: 6a 00        MVI     B,$00
0fbb: cd           JR      $0FC9
0fbc: 40 52 0d     CALL    $0D52
0fbf: 07 7f        ANI     A,$7F
0fc1: 37 56        LTI     A,$56
0fc3: cd           JR      $0FD1
0fc4: 6a 03        MVI     B,$03
0fc6: 48 2e        MUL     B
0fc8: b5           DMOV    BC,EA
0fc9: 70 1e a1 88  SBCD    $88A1
0fcd: 70 1e a3 88  SBCD    $88A3
0fd1: b8           RET     
0fd2: 40 63 00     CALL    $0063
0fd5: 70 1f a3 88  LBCD    $88A3
0fd9: 40 36 12     CALL    $1236
0fdc: 70 3f a1 88  LHLD    $88A1
0fe0: 70 3e a3 88  SHLD    $88A3
0fe4: 40 9d 13     CALL    $139D
0fe7: 40 64 10     CALL    $1064
0fea: 40 2f 3a     CALL    $3A2F
0fed: b8           RET     
0fee: 55 02 80     OFFIW   VV:02,$80
0ff1: fc           JR      $0FEE
0ff2: 15 02 80     ORIW    VV:02,$80
0ff5: 34 00 10     LXI     HL,$1000
0ff8: 70 3e 73 80  SHLD    $8073
0ffc: 10           EXA     
0ffd: 11           EXX     
0ffe: 72           SOFTI   
0fff: b8           RET     
1000: 70 0e 79 80  SSPD    $8079
1004: 04 ff 97     LXI     SP,$97FF
1007: 64 1a 04     ORI     PC,$04
100a: 44 3c c3     LXI     EA,$C33C
100d: 40 18 16     CALL    $1618
1010: 40 2f 16     CALL    $162F
1013: 64 0a fb     ANI     PC,$FB
1016: 10           EXA     
1017: 11           EXX     
1018: 05 02 7f     ANIW    VV:02,$7F
101b: 70 0f 79 80  LSPD    $8079
101f: aa           EI      
1020: 62           RETI    
1021: 40 4d 11     CALL    $114D
1024: 40 52 0d     CALL    $0D52
1027: 05 28 7f     ANIW    VV:28,$7F
102a: 77 00        EQI     A,$00
102c: d9           JR      $1046
102d: 40 52 0d     CALL    $0D52
1030: 6a d8        MVI     B,$D8
1032: 01 28        LDAW    VV:28
1034: 07 7f        ANI     A,$7F
1036: 37 17        LTI     A,$17
1038: b8           RET     
1039: 67 00        NEI     A,$00
103b: b8           RET     
103c: 48 2e        MUL     B
103e: 70 3f a1 88  LHLD    $88A1
1042: 74 bf        DLT     EA,HL
1044: c9           JR      $104E
1045: b8           RET     
1046: 01 28        LDAW    VV:28
1048: 70 6a a1 88  MOV     B,($88A1)
104c: 48 2e        MUL     B
104e: b7           DMOV    HL,EA
104f: 44 00 00     LXI     EA,$0000
1052: 74 ef        DNE     EA,HL
1054: b8           RET     
1055: 70 3e 9f 88  SHLD    $889F
1059: 14 00 00     LXI     BC,$0000
105c: 70 1e a9 88  SBCD    $88A9
1060: 40 c3 10     CALL    $10C3
1063: b8           RET     
1064: 40 63 00     CALL    $0063
1067: 40 2f 3a     CALL    $3A2F
106a: 70 3f a1 88  LHLD    $88A1
106e: 70 3e a3 88  SHLD    $88A3
1072: 05 05 bf     ANIW    VV:05,$BF
1075: 70 2f a5 88  LDED    $88A5
1079: 70 2e a7 88  SDED    $88A7
107d: 55 68 01     OFFIW   VV:68,$01
1080: 54 35 14     JMP     $1435
1083: 70 3f 9f 88  LHLD    $889F
1087: a7           DMOV    EA,HL
1088: 70 1f a9 88  LBCD    $88A9
108c: 74 e5        DSUB    EA,BC
108e: b5           DMOV    BC,EA
108f: 40 36 12     CALL    $1236
1092: 14 00 00     LXI     BC,$0000
1095: 70 1e a9 88  SBCD    $88A9
1099: b8           RET     
109a: 40 52 0d     CALL    $0D52
109d: 07 7f        ANI     A,$7F
109f: 67 00        NEI     A,$00
10a1: b8           RET     
10a2: 70 6a a1 88  MOV     B,($88A1)
10a6: 48 2e        MUL     B
10a8: 70 1f 9f 88  LBCD    $889F
10ac: 74 bd        DLT     EA,BC
10ae: b8           RET     
10af: 70 1f 9f 88  LBCD    $889F
10b3: b1           PUSH    BC
10b4: b4           PUSH    EA
10b5: a1           POP     BC
10b6: a4           POP     EA
10b7: 74 e5        DSUB    EA,BC
10b9: b5           DMOV    BC,EA
10ba: 70 1e a5 88  SBCD    $88A5
10be: 70 1e a7 88  SBCD    $88A7
10c2: b8           RET     
10c3: 44 00 00     LXI     EA,$0000
10c6: e1           JR      $10A8
10c7: 40 d3 00     CALL    $00D3
10ca: 40 52 0d     CALL    $0D52
10cd: 1b           MOV     C,A
10ce: 6a 00        MVI     B,$00
10d0: 40 36 12     CALL    $1236
10d3: 40 9d 13     CALL    $139D
10d6: 54 64 10     JMP     $1064
10d9: 70 3f a1 88  LHLD    $88A1
10dd: 70 3e a3 88  SHLD    $88A3
10e1: b8           RET     
10e2: 14 01 00     LXI     BC,$0001
10e5: 6d 00        MVI     E,$00
10e7: 55 02 80     OFFIW   VV:02,$80
10ea: fc           JR      $10E7
10eb: 15 02 80     ORIW    VV:02,$80
10ee: 34 a1 12     LXI     HL,$12A1
10f1: 70 3e 73 80  SHLD    $8073
10f5: 10           EXA     
10f6: 11           EXX     
10f7: 72           SOFTI   
10f8: b8           RET     
10f9: 14 06 00     LXI     BC,$0006
10fc: 6d 80        MVI     E,$80
10fe: 55 02 80     OFFIW   VV:02,$80
1101: fc           JR      $10FE
1102: 15 02 80     ORIW    VV:02,$80
1105: 34 a1 12     LXI     HL,$12A1
1108: 70 3e 73 80  SHLD    $8073
110c: 10           EXA     
110d: 11           EXX     
110e: 72           SOFTI   
110f: 14 05 00     LXI     BC,$0005
1112: 6d 00        MVI     E,$00
1114: 55 02 80     OFFIW   VV:02,$80
1117: fc           JR      $1114
1118: 15 02 80     ORIW    VV:02,$80
111b: 34 a1 12     LXI     HL,$12A1
111e: 70 3e 73 80  SHLD    $8073
1122: 10           EXA     
1123: 11           EXX     
1124: 72           SOFTI   
1125: b8           RET     
1126: 40 d3 00     CALL    $00D3
1129: 40 52 0d     CALL    $0D52
112c: 1b           MOV     C,A
112d: 6a 00        MVI     B,$00
112f: 44 0a 00     LXI     EA,$000A
1132: 74 c5        DADD    EA,BC
1134: b5           DMOV    BC,EA
1135: 40 71 12     CALL    $1271
1138: 14 0a 00     LXI     BC,$000A
113b: 40 36 12     CALL    $1236
113e: 40 9d 13     CALL    $139D
1141: 54 64 10     JMP     $1064
1144: 70 3f a1 88  LHLD    $88A1
1148: 70 3e a3 88  SHLD    $88A3
114c: b8           RET     
114d: 6a 07        MVI     B,$07
114f: 6b ff        MVI     C,$FF
1151: 40 57 11     CALL    $1157
1154: 52           DCR     B
1155: fb           JR      $1151
1156: b8           RET     
1157: b0           PUSH    VA
1158: b4           PUSH    EA
1159: b1           PUSH    BC
115a: b3           PUSH    HL
115b: 34 00 ff     LXI     HL,$FF00
115e: 69 20        MVI     A,$20
1160: 48 2e        MUL     B
1162: 74 c7        DADD    EA,HL
1164: b7           DMOV    HL,EA
1165: 0b           MOV     A,C
1166: 6b 1f        MVI     C,$1F
1168: 3d           STAX    (HL+)
1169: 53           DCR     C
116a: fd           JR      $1168
116b: a3           POP     HL
116c: a1           POP     BC
116d: a4           POP     EA
116e: a0           POP     VA
116f: b8           RET     
1170: 40 52 0d     CALL    $0D52
1173: 07 7f        ANI     A,$7F
1175: 37 08        LTI     A,$08
1177: 4e 4e        JRE     $11C7
1179: 1a           MOV     B,A
117a: 6b 00        MVI     C,$00
117c: 40 57 11     CALL    $1157
117f: 6a 20        MVI     B,$20
1181: 48 2e        MUL     B
1183: 54 9b 11     JMP     $119B
1186: 40 52 0d     CALL    $0D52
1189: 07 7f        ANI     A,$7F
118b: 37 08        LTI     A,$08
118d: b8           RET     
118e: 63 51        STAW    VV:51
1190: b8           RET     
1191: 44 00 00     LXI     EA,$0000
1194: 6a 00        MVI     B,$00
1196: 6b 00        MVI     C,$00
1198: 40 57 11     CALL    $1157
119b: 34 00 ff     LXI     HL,$FF00
119e: 74 c7        DADD    EA,HL
11a0: b7           DMOV    HL,EA
11a1: 24 00 00     LXI     DE,$0000
11a4: 71 50 00     MVIW    VV:50,$00
11a7: 40 52 0d     CALL    $0D52
11aa: 67 00        NEI     A,$00
11ac: b8           RET     
11ad: 60 ac        GTA     A,D
11af: b8           RET     
11b0: 1c           MOV     D,A
11b1: 35 50 10     LTIW    VV:50,$10
11b4: d2           JR      $11C7
11b5: 70 6a a1 88  MOV     B,($88A1)
11b9: 48 2e        MUL     B
11bb: 70 1f 9f 88  LBCD    $889F
11bf: 74 bd        DLT     EA,BC
11c1: c5           JR      $11C7
11c2: 48 95        STEAX   (HL++)
11c4: 20 50        INRW    VV:50
11c6: e0           JR      $11A7
11c7: 44 00 00     LXI     EA,$0000
11ca: 75 50 10     EQIW    VV:50,$10
11cd: 48 93        STEAX   (HL)
11cf: 6d 00        MVI     E,$00
11d1: 40 52 0d     CALL    $0D52
11d4: 60 ed        NEA     A,E
11d6: b8           RET     
11d7: 60 ac        GTA     A,D
11d9: b8           RET     
11da: 1c           MOV     D,A
11db: f5           JR      $11D1
11dc: 40 63 00     CALL    $0063
11df: 40 2f 3a     CALL    $3A2F
11e2: 71 50 00     MVIW    VV:50,$00
11e5: 01 51        LDAW    VV:51
11e7: 6a 20        MVI     B,$20
11e9: 48 2e        MUL     B
11eb: 34 00 ff     LXI     HL,$FF00
11ee: 74 c7        DADD    EA,HL
11f0: b7           DMOV    HL,EA
11f1: 48 83        LDEAX   (HL)
11f3: 20 50        INRW    VV:50
11f5: 14 00 00     LXI     BC,$0000
11f8: 74 ed        DNE     EA,BC
11fa: b8           RET     
11fb: 14 ff ff     LXI     BC,$FFFF
11fe: 74 ed        DNE     EA,BC
1200: 54 d2 0f     JMP     $0FD2
1203: 70 2f a9 88  LDED    $88A9
1207: 6b 10        MVI     C,$10
1209: 40 54 3f     CALL    $3F54
120c: 54 64 10     JMP     $1064
120f: 74 e6        DSUB    EA,DE
1211: b5           DMOV    BC,EA
1212: 40 36 12     CALL    $1236
1215: 40 9d 13     CALL    $139D
1218: 54 64 10     JMP     $1064
121b: 70 3f a1 88  LHLD    $88A1
121f: 70 3e a3 88  SHLD    $88A3
1223: b8           RET     
1224: 14 e8 00     LXI     BC,$00E8
1227: 40 71 12     CALL    $1271
122a: 14 10 00     LXI     BC,$0010
122d: 54 36 12     JMP     $1236
1230: 14 d8 00     LXI     BC,$00D8
1233: 54 36 12     JMP     $1236
1236: b4           PUSH    EA
1237: b2           PUSH    DE
1238: b3           PUSH    HL
1239: b1           PUSH    BC
123a: 6d 00        MVI     E,$00
123c: 55 02 80     OFFIW   VV:02,$80
123f: fc           JR      $123C
1240: 15 02 80     ORIW    VV:02,$80
1243: 34 a1 12     LXI     HL,$12A1
1246: 70 3e 73 80  SHLD    $8073
124a: 10           EXA     
124b: 11           EXX     
124c: 72           SOFTI   
124d: a1           POP     BC
124e: 34 a9 88     LXI     HL,$88A9
1251: 48 83        LDEAX   (HL)
1253: 74 c5        DADD    EA,BC
1255: 70 1f 9f 88  LBCD    $889F
1259: 74 bd        DLT     EA,BC
125b: c1           JR      $125D
125c: cd           JR      $126A
125d: 45 68 01     ONIW    VV:68,$01
1260: c6           JR      $1267
1261: a3           POP     HL
1262: a2           POP     DE
1263: a4           POP     EA
1264: 54 35 14     JMP     $1435
1267: 74 e5        DSUB    EA,BC
1269: ef           JR      $1259
126a: b5           DMOV    BC,EA
126b: 70 1e a9 88  SBCD    $88A9
126f: 4e 2c        JRE     $129D
1271: b4           PUSH    EA
1272: b2           PUSH    DE
1273: b3           PUSH    HL
1274: b1           PUSH    BC
1275: 34 a9 88     LXI     HL,$88A9
1278: 48 83        LDEAX   (HL)
127a: 74 b5        DSUBNB  EA,BC
127c: c1           JR      $127E
127d: c9           JR      $1287
127e: 70 2f 9f 88  LDED    $889F
1282: 74 c6        DADD    EA,DE
1284: 74 be        DLT     EA,DE
1286: fb           JR      $1282
1287: 48 93        STEAX   (HL)
1289: a1           POP     BC
128a: 6d 80        MVI     E,$80
128c: 55 02 80     OFFIW   VV:02,$80
128f: fc           JR      $128C
1290: 15 02 80     ORIW    VV:02,$80
1293: 34 a1 12     LXI     HL,$12A1
1296: 70 3e 73 80  SHLD    $8073
129a: 10           EXA     
129b: 11           EXX     
129c: 72           SOFTI   
129d: a3           POP     HL
129e: a2           POP     DE
129f: a4           POP     EA
12a0: b8           RET     
12a1: 70 0e 79 80  SSPD    $8079
12a5: 04 ff 97     LXI     SP,$97FF
12a8: 11           EXX     
12a9: a5           DMOV    EA,BC
12aa: 0d           MOV     A,E
12ab: 11           EXX     
12ac: b5           DMOV    BC,EA
12ad: 1d           MOV     E,A
12ae: 44 00 00     LXI     EA,$0000
12b1: 74 ed        DNE     EA,BC
12b3: 4e dd        JRE     $1392
12b5: b1           PUSH    BC
12b6: b2           PUSH    DE
12b7: 10           EXA     
12b8: 11           EXX     
12b9: a2           POP     DE
12ba: a1           POP     BC
12bb: 34 42 00     LXI     HL,$0042
12be: 44 09 00     LXI     EA,$0009
12c1: 74 bd        DLT     EA,BC
12c3: 34 52 00     LXI     HL,$0052
12c6: 64 1a 04     ORI     PC,$04
12c9: 48 85        LDEAX   (HL++)
12cb: 40 18 16     CALL    $1618
12ce: 4c c2        MOV     A,PC
12d0: 07 c0        ANI     A,$C0
12d2: 1c           MOV     D,A
12d3: 74 4d 80     ONI     E,$80
12d6: 4e 45        JRE     $131D
12d8: 57 80        OFFI    A,$80
12da: 46 40        ADI     A,$40
12dc: 60 c4        ADD     A,D
12de: 46 80        ADI     A,$80
12e0: b0           PUSH    VA
12e1: b2           PUSH    DE
12e2: 24 9d 88     LXI     DE,$889D
12e5: 48 82        LDEAX   (DE)
12e7: a9           DCX     EA
12e8: 48 92        STEAX   (DE)
12ea: 24 9b 88     LXI     DE,$889B
12ed: 48 82        LDEAX   (DE)
12ef: a9           DCX     EA
12f0: 48 92        STEAX   (DE)
12f2: 40 6c 0e     CALL    $0E6C
12f5: 67 ff        NEI     A,$FF
12f7: d3           JR      $130B
12f8: 45 05 10     ONIW    VV:05,$10
12fb: dd           JR      $1319
12fc: 55 05 20     OFFIW   VV:05,$20
12ff: d9           JR      $1319
1300: 24 00 00     LXI     DE,$0000
1303: 70 2e 9b 88  SDED    $889B
1307: 15 05 20     ORIW    VV:05,$20
130a: ce           JR      $1319
130b: 55 05 10     OFFIW   VV:05,$10
130e: ca           JR      $1319
130f: 24 00 00     LXI     DE,$0000
1312: 70 2e 9d 88  SDED    $889D
1316: 15 05 10     ORIW    VV:05,$10
1319: a2           POP     DE
131a: a0           POP     VA
131b: 4e 41        JRE     $135E
131d: 47 80        ONI     A,$80
131f: 46 40        ADI     A,$40
1321: 60 c4        ADD     A,D
1323: b0           PUSH    VA
1324: b2           PUSH    DE
1325: 24 9d 88     LXI     DE,$889D
1328: 48 82        LDEAX   (DE)
132a: a8           INX     EA
132b: 48 92        STEAX   (DE)
132d: 24 9b 88     LXI     DE,$889B
1330: 48 82        LDEAX   (DE)
1332: a8           INX     EA
1333: 48 92        STEAX   (DE)
1335: 40 6c 0e     CALL    $0E6C
1338: 67 ff        NEI     A,$FF
133a: d3           JR      $134E
133b: 45 05 10     ONIW    VV:05,$10
133e: dd           JR      $135C
133f: 55 05 20     OFFIW   VV:05,$20
1342: d9           JR      $135C
1343: 24 00 00     LXI     DE,$0000
1346: 70 2e 9b 88  SDED    $889B
134a: 15 05 20     ORIW    VV:05,$20
134d: ce           JR      $135C
134e: 55 05 10     OFFIW   VV:05,$10
1351: ca           JR      $135C
1352: 24 00 00     LXI     DE,$0000
1355: 70 2e 9d 88  SDED    $889D
1359: 15 05 10     ORIW    VV:05,$10
135c: a2           POP     DE
135d: a0           POP     VA
135e: 17 04        ORI     A,$04
1360: 4d c2        MOV     PC,A
1362: 44 4c 00     LXI     EA,$004C
1365: 74 ff        DEQ     EA,HL
1367: c2           JR      $136A
1368: 33           DCX     HL
1369: 33           DCX     HL
136a: 40 2f 16     CALL    $162F
136d: 13           DCX     BC
136e: 44 54 00     LXI     EA,$0054
1371: 74 ff        DEQ     EA,HL
1373: c3           JR      $1377
1374: 33           DCX     HL
1375: 33           DCX     HL
1376: c8           JR      $137F
1377: 44 05 00     LXI     EA,$0005
137a: 74 ed        DNE     EA,BC
137c: 34 4c 00     LXI     HL,$004C
137f: 0a           MOV     A,B
1380: 60 9b        ORA     A,C
1382: 48 0c        SK      Z
1384: 4f 43        JRE     $12C9
1386: 44 cb 23     LXI     EA,$23CB
1389: 40 18 16     CALL    $1618
138c: 40 2f 16     CALL    $162F
138f: 64 0a fb     ANI     PC,$FB
1392: 10           EXA     
1393: 11           EXX     
1394: 05 02 7f     ANIW    VV:02,$7F
1397: 70 0f 79 80  LSPD    $8079
139b: aa           EI      
139c: 62           RETI    
139d: b4           PUSH    EA
139e: b1           PUSH    BC
139f: 45 68 01     ONIW    VV:68,$01
13a2: 4e 38        JRE     $13DC
13a4: 55 05 40     OFFIW   VV:05,$40
13a7: 4e 33        JRE     $13DC
13a9: 45 05 10     ONIW    VV:05,$10
13ac: 4e 2e        JRE     $13DC
13ae: 70 1f a9 88  LBCD    $88A9
13b2: a5           DMOV    EA,BC
13b3: 14 d4 01     LXI     BC,$01D4
13b6: 74 c5        DADD    EA,BC
13b8: 70 1f a5 88  LBCD    $88A5
13bc: 74 ad        DGT     EA,BC
13be: b5           DMOV    BC,EA
13bf: 70 1e a7 88  SBCD    $88A7
13c3: 15 05 40     ORIW    VV:05,$40
13c6: 70 1f a7 88  LBCD    $88A7
13ca: a5           DMOV    EA,BC
13cb: 70 1f 9f 88  LBCD    $889F
13cf: 74 ad        DGT     EA,BC
13d1: ca           JR      $13DC
13d2: 14 00 00     LXI     BC,$0000
13d5: 70 1e a7 88  SBCD    $88A7
13d9: 05 05 bf     ANIW    VV:05,$BF
13dc: 70 1f a7 88  LBCD    $88A7
13e0: a5           DMOV    EA,BC
13e1: 14 00 00     LXI     BC,$0000
13e4: 74 ed        DNE     EA,BC
13e6: cc           JR      $13F3
13e7: 70 1f a7 88  LBCD    $88A7
13eb: a5           DMOV    EA,BC
13ec: 70 1f a9 88  LBCD    $88A9
13f0: 74 ad        DGT     EA,BC
13f2: c3           JR      $13F6
13f3: a1           POP     BC
13f4: a4           POP     EA
13f5: b9           RETS    
13f6: a1           POP     BC
13f7: a4           POP     EA
13f8: b8           RET     
13f9: b1           PUSH    BC
13fa: 4c c1        MOV     A,PB
13fc: 1a           MOV     B,A
13fd: 4c c1        MOV     A,PB
13ff: 60 92        XRA     A,B
1401: 57 10        OFFI    A,$10
1403: f6           JR      $13FA
1404: 74 5a 10     OFFI    B,$10
1407: 69 ff        MVI     A,$FF
1409: 69 00        MVI     A,$00
140b: a1           POP     BC
140c: b8           RET     
140d: 40 52 0d     CALL    $0D52
1410: 07 7f        ANI     A,$7F
1412: 77 30        EQI     A,$30
1414: 4e 0f        JRE     $1425
1416: 05 68 fe     ANIW    VV:68,$FE
1419: 70 3f a5 88  LHLD    $88A5
141d: 70 3e a7 88  SHLD    $88A7
1421: 40 68 0e     CALL    $0E68
1424: cf           JR      $1434
1425: 77 34        EQI     A,$34
1427: cc           JR      $1434
1428: 05 03 fb     ANIW    VV:03,$FB
142b: 15 68 01     ORIW    VV:68,$01
142e: 40 64 0e     CALL    $0E64
1431: 05 05 cf     ANIW    VV:05,$CF
1434: b8           RET     
1435: 40 63 00     CALL    $0063
1438: 40 2f 3a     CALL    $3A2F
143b: 70 3f a1 88  LHLD    $88A1
143f: 70 3e a3 88  SHLD    $88A3
1443: 14 00 00     LXI     BC,$0000
1446: 70 1e a9 88  SBCD    $88A9
144a: 55 02 80     OFFIW   VV:02,$80
144d: fc           JR      $144A
144e: 45 05 20     ONIW    VV:05,$20
1451: 40 58 14     CALL    $1458
1454: 40 09 15     CALL    $1509
1457: b8           RET     
1458: 55 02 80     OFFIW   VV:02,$80
145b: fc           JR      $1458
145c: 15 02 80     ORIW    VV:02,$80
145f: 34 6a 14     LXI     HL,$146A
1462: 70 3e 73 80  SHLD    $8073
1466: 10           EXA     
1467: 11           EXX     
1468: 72           SOFTI   
1469: b8           RET     
146a: 70 0e 79 80  SSPD    $8079
146e: 04 ff 97     LXI     SP,$97FF
1471: 34 42 00     LXI     HL,$0042
1474: 6b 00        MVI     C,$00
1476: 43           INR     C
1477: 00           NOP     
1478: 74 6b 06     NEI     C,$06
147b: cc           JR      $1488
147c: 48 85        LDEAX   (HL++)
147e: 40 18 16     CALL    $1618
1481: 40 d1 15     CALL    $15D1
1484: 40 2f 16     CALL    $162F
1487: ee           JR      $1476
1488: 34 4a 00     LXI     HL,$004A
148b: 48 83        LDEAX   (HL)
148d: 40 18 16     CALL    $1618
1490: 40 d1 15     CALL    $15D1
1493: 40 2f 16     CALL    $162F
1496: 70 2f 9b 88  LDED    $889B
149a: 44 20 25     LXI     EA,$2520
149d: 74 be        DLT     EA,DE
149f: 4e 1d        JRE     $14BE
14a1: 64 0a fb     ANI     PC,$FB
14a4: 40 f7 0e     CALL    $0EF7
14a7: 48 53        SKIT    AN7
14a9: 48 53        SKIT    AN7
14ab: fd           JR      $14A9
14ac: 6b 14        MVI     C,$14
14ae: 40 53 39     CALL    $3953
14b1: 64 1a 04     ORI     PC,$04
14b4: 14 00 00     LXI     BC,$0000
14b7: 70 1e 9b 88  SBCD    $889B
14bb: 54 71 14     JMP     $1471
14be: 45 05 10     ONIW    VV:05,$10
14c1: 4f c5        JRE     $1488
14c3: 14 24 00     LXI     BC,$0024
14c6: 48 85        LDEAX   (HL++)
14c8: 40 18 16     CALL    $1618
14cb: 40 d1 15     CALL    $15D1
14ce: 44 4c 00     LXI     EA,$004C
14d1: 74 ff        DEQ     EA,HL
14d3: c2           JR      $14D6
14d4: 33           DCX     HL
14d5: 33           DCX     HL
14d6: 40 2f 16     CALL    $162F
14d9: 13           DCX     BC
14da: 44 54 00     LXI     EA,$0054
14dd: 74 ff        DEQ     EA,HL
14df: c3           JR      $14E3
14e0: 33           DCX     HL
14e1: 33           DCX     HL
14e2: c8           JR      $14EB
14e3: 44 05 00     LXI     EA,$0005
14e6: 74 ed        DNE     EA,BC
14e8: 34 4c 00     LXI     HL,$004C
14eb: 0a           MOV     A,B
14ec: 60 9b        ORA     A,C
14ee: 48 0c        SK      Z
14f0: 4f d4        JRE     $14C6
14f2: 44 cb 23     LXI     EA,$23CB
14f5: 40 18 16     CALL    $1618
14f8: 40 2f 16     CALL    $162F
14fb: 64 0a fb     ANI     PC,$FB
14fe: 10           EXA     
14ff: 11           EXX     
1500: 05 02 7f     ANIW    VV:02,$7F
1503: 70 0f 79 80  LSPD    $8079
1507: aa           EI      
1508: 62           RETI    
1509: 44 fc 00     LXI     EA,$00FC
150c: 40 51 26     CALL    $2651
150f: 55 02 80     OFFIW   VV:02,$80
1512: fc           JR      $150F
1513: 15 02 80     ORIW    VV:02,$80
1516: 34 28 15     LXI     HL,$1528
1519: 70 3e 73 80  SHLD    $8073
151d: 10           EXA     
151e: 11           EXX     
151f: 72           SOFTI   
1520: 14 00 00     LXI     BC,$0000
1523: 70 1e a9 88  SBCD    $88A9
1527: b8           RET     
1528: 70 0e 79 80  SSPD    $8079
152c: 04 ff 97     LXI     SP,$97FF
152f: 34 42 00     LXI     HL,$0042
1532: 6b 00        MVI     C,$00
1534: 43           INR     C
1535: 00           NOP     
1536: 74 6b 06     NEI     C,$06
1539: cc           JR      $1546
153a: 48 85        LDEAX   (HL++)
153c: 40 18 16     CALL    $1618
153f: 40 d1 15     CALL    $15D1
1542: 40 2f 16     CALL    $162F
1545: ee           JR      $1534
1546: 34 4a 00     LXI     HL,$004A
1549: 48 83        LDEAX   (HL)
154b: 40 18 16     CALL    $1618
154e: 40 d1 15     CALL    $15D1
1551: 40 2f 16     CALL    $162F
1554: 55 05 20     OFFIW   VV:05,$20
1557: 4e 28        JRE     $1581
1559: 70 2f 9d 88  LDED    $889D
155d: 44 48 09     LXI     EA,$0948
1560: 74 be        DLT     EA,DE
1562: 4f e2        JRE     $1546
1564: 64 0a fb     ANI     PC,$FB
1567: 40 f7 0e     CALL    $0EF7
156a: 48 53        SKIT    AN7
156c: 48 53        SKIT    AN7
156e: fd           JR      $156C
156f: 6b 14        MVI     C,$14
1571: 40 53 39     CALL    $3953
1574: 64 1a 04     ORI     PC,$04
1577: 14 00 00     LXI     BC,$0000
157a: 70 1e 9d 88  SBCD    $889D
157e: 54 2f 15     JMP     $152F
1581: 44 c8 04     LXI     EA,$04C8
1584: 70 2f 9b 88  LDED    $889B
1588: 74 e6        DSUB    EA,DE
158a: b5           DMOV    BC,EA
158b: 48 85        LDEAX   (HL++)
158d: 40 18 16     CALL    $1618
1590: 40 d1 15     CALL    $15D1
1593: 44 4c 00     LXI     EA,$004C
1596: 74 ff        DEQ     EA,HL
1598: c2           JR      $159B
1599: 33           DCX     HL
159a: 33           DCX     HL
159b: 40 2f 16     CALL    $162F
159e: 13           DCX     BC
159f: 44 54 00     LXI     EA,$0054
15a2: 74 ff        DEQ     EA,HL
15a4: c3           JR      $15A8
15a5: 33           DCX     HL
15a6: 33           DCX     HL
15a7: c8           JR      $15B0
15a8: 44 05 00     LXI     EA,$0005
15ab: 74 ed        DNE     EA,BC
15ad: 34 4c 00     LXI     HL,$004C
15b0: 0a           MOV     A,B
15b1: 60 9b        ORA     A,C
15b3: 48 0c        SK      Z
15b5: 4f d4        JRE     $158B
15b7: 44 cb 23     LXI     EA,$23CB
15ba: 40 18 16     CALL    $1618
15bd: 40 2f 16     CALL    $162F
15c0: 64 0a fb     ANI     PC,$FB
15c3: 05 05 cf     ANIW    VV:05,$CF
15c6: 10           EXA     
15c7: 11           EXX     
15c8: 05 02 7f     ANIW    VV:02,$7F
15cb: 70 0f 79 80  LSPD    $8079
15cf: aa           EI      
15d0: 62           RETI    
15d1: 4c c2        MOV     A,PC
15d3: 07 c0        ANI     A,$C0
15d5: 1c           MOV     D,A
15d6: 47 80        ONI     A,$80
15d8: 46 40        ADI     A,$40
15da: 60 c4        ADD     A,D
15dc: 17 04        ORI     A,$04
15de: 4d c2        MOV     PC,A
15e0: 24 9d 88     LXI     DE,$889D
15e3: 48 82        LDEAX   (DE)
15e5: a8           INX     EA
15e6: 48 92        STEAX   (DE)
15e8: 24 9b 88     LXI     DE,$889B
15eb: 48 82        LDEAX   (DE)
15ed: a8           INX     EA
15ee: 48 92        STEAX   (DE)
15f0: 40 6c 0e     CALL    $0E6C
15f3: 67 ff        NEI     A,$FF
15f5: d3           JR      $1609
15f6: 45 05 10     ONIW    VV:05,$10
15f9: dd           JR      $1617
15fa: 55 05 20     OFFIW   VV:05,$20
15fd: d9           JR      $1617
15fe: 24 00 00     LXI     DE,$0000
1601: 70 2e 9b 88  SDED    $889B
1605: 15 05 20     ORIW    VV:05,$20
1608: ce           JR      $1617
1609: 55 05 10     OFFIW   VV:05,$10
160c: ca           JR      $1617
160d: 24 00 00     LXI     DE,$0000
1610: 70 2e 9d 88  SDED    $889D
1614: 15 05 10     ORIW    VV:05,$10
1617: b8           RET     
1618: 60 91        XRA     A,A
161a: 4d cc        MOV     ETMM,A
161c: 48 d3        DMOV    ETM1,EA
161e: 48 46        SKIT    FE1
1620: 00           NOP     
1621: a6           DMOV    EA,DE
1622: 24 3e 16     LXI     DE,$163E
1625: 70 2e 70 80  SDED    $8070
1629: b6           DMOV    DE,EA
162a: 69 0c        MVI     A,$0C
162c: 4d cc        MOV     ETMM,A
162e: b8           RET     
162f: 64 0f bf     ANI     MKL,$BF
1632: 70 0e 77 80  SSPD    $8077
1636: 70 0f 79 80  LSPD    $8079
163a: 10           EXA     
163b: 11           EXX     
163c: aa           EI      
163d: 62           RETI    
163e: 64 1f 40     ORI     MKL,$40
1641: 10           EXA     
1642: 11           EXX     
1643: 70 0e 79 80  SSPD    $8079
1647: 70 0f 77 80  LSPD    $8077
164b: b8           RET     
164c: 34 ab 88     LXI     HL,$88AB
164f: 69 ff        MVI     A,$FF
1651: 14 00 0c     LXI     BC,$0C00
1654: 44 00 00     LXI     EA,$0000
1657: 3d           STAX    (HL+)
1658: 13           DCX     BC
1659: 74 fd        DEQ     EA,BC
165b: fb           JR      $1657
165c: 34 ab 88     LXI     HL,$88AB
165f: 14 ff 0c     LXI     BC,$0CFF
1662: 69 8b        MVI     A,$8B
1664: 3b           STAX    (HL)
1665: a7           DMOV    EA,HL
1666: 70 42        EADD    EA,B
1668: b7           DMOV    HL,EA
1669: 53           DCR     C
166a: f9           JR      $1664
166b: b8           RET     
166c: 40 52 0d     CALL    $0D52
166f: 07 7f        ANI     A,$7F
1671: 55 68 40     OFFIW   VV:68,$40
1674: 77 00        EQI     A,$00
1676: 4e 29        JRE     $16A1
1678: 40 52 0d     CALL    $0D52
167b: 07 7f        ANI     A,$7F
167d: 77 00        EQI     A,$00
167f: 4e 23        JRE     $16A4
1681: 34 a3 17     LXI     HL,$17A3
1684: 40 52 0d     CALL    $0D52
1687: 07 7f        ANI     A,$7F
1689: 77 00        EQI     A,$00
168b: b8           RET     
168c: 6b ff        MVI     C,$FF
168e: 0b           MOV     A,C
168f: 40 82 17     CALL    $1782
1692: b7           DMOV    HL,EA
1693: 0b           MOV     A,C
1694: 40 86 17     CALL    $1786
1697: b6           DMOV    DE,EA
1698: 6a 0b        MVI     B,$0B
169a: 2d           LDAX    (HL+)
169b: 3c           STAX    (DE+)
169c: 52           DCR     B
169d: fc           JR      $169A
169e: 53           DCR     C
169f: ee           JR      $168E
16a0: b8           RET     
16a1: 40 52 0d     CALL    $0D52
16a4: 54 52 0d     JMP     $0D52
16a7: 55 5c 01     OFFIW   VV:5C,$01
16aa: 54 f4 29     JMP     $29F4
16ad: 55 68 40     OFFIW   VV:68,$40
16b0: c6           JR      $16B7
16b1: 40 52 0d     CALL    $0D52
16b4: 54 52 0d     JMP     $0D52
16b7: 40 6f 0a     CALL    $0A6F
16ba: d4           JR      $16CF
16bb: c1           JR      $16BD
16bc: f7           JR      $16B4
16bd: 40 52 0d     CALL    $0D52
16c0: 07 7f        ANI     A,$7F
16c2: 77 00        EQI     A,$00
16c4: b8           RET     
16c5: 55 03 08     OFFIW   VV:03,$08
16c8: 40 d3 00     CALL    $00D3
16cb: 05 03 f7     ANIW    VV:03,$F7
16ce: b8           RET     
16cf: 40 52 0d     CALL    $0D52
16d2: 07 7f        ANI     A,$7F
16d4: 77 00        EQI     A,$00
16d6: b8           RET     
16d7: 45 03 08     ONIW    VV:03,$08
16da: 40 d3 00     CALL    $00D3
16dd: 15 03 08     ORIW    VV:03,$08
16e0: b8           RET     
16e1: 55 5c 01     OFFIW   VV:5C,$01
16e4: 54 d4 2a     JMP     $2AD4
16e7: 40 52 0d     CALL    $0D52
16ea: 07 7f        ANI     A,$7F
16ec: 77 00        EQI     A,$00
16ee: 4e 63        JRE     $1753
16f0: 40 52 0d     CALL    $0D52
16f3: 1d           MOV     E,A
16f4: 40 52 0d     CALL    $0D52
16f7: 1c           MOV     D,A
16f8: 60 2d        GTA     E,A
16fa: c1           JR      $16FC
16fb: b8           RET     
16fc: 0d           MOV     A,E
16fd: 63 28        STAW    VV:28
16ff: 40 c8 0a     CALL    $0AC8
1702: 40 b4 0a     CALL    $0AB4
1705: 40 7b 0b     CALL    $0B7B
1708: 01 28        LDAW    VV:28
170a: 40 86 17     CALL    $1786
170d: b7           DMOV    HL,EA
170e: 71 50 0a     MVIW    VV:50,$0A
1711: 40 52 0d     CALL    $0D52
1714: 1b           MOV     C,A
1715: 07 7f        ANI     A,$7F
1717: 48 21        SLR     A
1719: 48 21        SLR     A
171b: 48 21        SLR     A
171d: 48 21        SLR     A
171f: 1a           MOV     B,A
1720: 0b           MOV     A,C
1721: 07 0f        ANI     A,$0F
1723: 37 0c        LTI     A,$0C
1725: c6           JR      $172C
1726: 60 b2        SUBNB   A,B
1728: c3           JR      $172C
1729: 37 04        LTI     A,$04
172b: c6           JR      $1732
172c: 74 0b 80     ANI     C,$80
172f: 74 1b 0b     ORI     C,$0B
1732: 0b           MOV     A,C
1733: 55 68 40     OFFIW   VV:68,$40
1736: 3d           STAX    (HL+)
1737: 6b ff        MVI     C,$FF
1739: 40 52 0d     CALL    $0D52
173c: 0b           MOV     A,C
173d: 74 88 28     ANAW    VV:28
1740: 16 ff        XRI     A,$FF
1742: 1b           MOV     C,A
1743: 55 68 40     OFFIW   VV:68,$40
1746: 3d           STAX    (HL+)
1747: 30 50        DCRW    VV:50
1749: ef           JR      $1739
174a: 0d           MOV     A,E
174b: 60 6c        NEA     D,A
174d: c4           JR      $1752
174e: 41           INR     A
174f: 1d           MOV     E,A
1750: 4f aa        JRE     $16FC
1752: b8           RET     
1753: 40 52 0d     CALL    $0D52
1756: 1a           MOV     B,A
1757: 40 52 0d     CALL    $0D52
175a: 60 b2        SUBNB   A,B
175c: b8           RET     
175d: 6a 0c        MVI     B,$0C
175f: 48 2e        MUL     B
1761: 70 42        EADD    EA,B
1763: 14 00 00     LXI     BC,$0000
1766: 40 52 0d     CALL    $0D52
1769: a9           DCX     EA
176a: 74 fd        DEQ     EA,BC
176c: f9           JR      $1766
176d: b8           RET     
176e: b1           PUSH    BC
176f: b3           PUSH    HL
1770: 45 03 08     ONIW    VV:03,$08
1773: 34 a3 17     LXI     HL,$17A3
1776: 34 ab 88     LXI     HL,$88AB
1779: 6a 0c        MVI     B,$0C
177b: 48 2e        MUL     B
177d: 74 c7        DADD    EA,HL
177f: a3           POP     HL
1780: a1           POP     BC
1781: b8           RET     
1782: b1           PUSH    BC
1783: b3           PUSH    HL
1784: 4f ed        JRE     $1773
1786: b1           PUSH    BC
1787: b3           PUSH    HL
1788: 4f ec        JRE     $1776
178a: b1           PUSH    BC
178b: b3           PUSH    HL
178c: b4           PUSH    EA
178d: 40 6e 17     CALL    $176E
1790: b7           DMOV    HL,EA
1791: a4           POP     EA
1792: 32           INX     HL
1793: 6a 0a        MVI     B,$0A
1795: 6b ff        MVI     C,$FF
1797: 2d           LDAX    (HL+)
1798: 60 fb        EQA     A,C
179a: c5           JR      $17A0
179b: 52           DCR     B
179c: fa           JR      $1797
179d: a3           POP     HL
179e: a1           POP     BC
179f: b9           RETS    
17a0: a3           POP     HL
17a1: a1           POP     BC
17a2: b8           RET     

; ---- DATA 17A3-23A2: ROM glyph records, 256 12-byte entries ----
17a3: 8b fb f5 df 75 9f f5 df e3 fd ff ff ; glyph 00
17af: 8b e3 dd f7 5d b7 dd f7 dd e7 ff ff ; glyph 01
17bb: 9b ff c3 ff 7d bf fd ff c3 fd ff ff ; glyph 02
17c7: 9a ff e3 dd 7f 9d ff dd e3 ff ff ff ; glyph 03
17d3: 98 ff ed 7f a1 ff fd ff ff ff ff ff ; glyph 04
17df: a9 ff ff bf 5f ff 5f bf ff ff ff ff ; glyph 05
17eb: 8b ed ff 81 7f ed 7f fd 7f bd ff ff ; glyph 06
17f7: c8 ff ff ff ff b0 ff ff ff ff ff ff ; glyph 07
1803: 8b f9 ff f6 ff ae ff fe ff fd ff ff ; glyph 08
180f: 8b a1 7f ef 7f f7 bf fb bf 61 ff ff ; glyph 09
181b: 8a bf 61 ff 6f bf ef b1 7f ff ff ff ; glyph 0a
1827: 8b 6d d7 bb ff bb ff bb d7 6d ff ff ; glyph 0b
1833: 8b 01 ff 5f ff b7 ff e1 ff f5 ff ff ; glyph 0c
183f: 8b f9 f7 ab 5f fb 5f ab f7 f9 ff ff ; glyph 0d
184b: 8b fb f5 df f5 5f f5 df e3 fd ff ff ; glyph 0e
1857: 0a c7 bb fe bb fe b9 ff bb ff ff ff ; glyph 0f
1863: 9a ff af 55 ff 55 ff 55 eb ff ff ff ; glyph 10
186f: 8a 81 7f ff 7f ed 7f ed 93 ff ff ff ; glyph 11
187b: 8b c1 bf 6f ff 01 ff 6d ff 6d ff ff ; glyph 12
1887: 8b d3 fd d7 fd e3 df f5 df e5 ff ff ; glyph 13
1893: 8b c5 bb ff 75 ef 5d ff bb 47 ff ff ; glyph 14
189f: 8b e2 dd fb dd f7 dd ef dd a3 ff ff ; glyph 15
18ab: a9 ff ff 7f ff ff ff 7f ff ff ff ff ; glyph 16
18b7: 8b f9 77 eb df bb df eb 77 f9 ff ff ; glyph 17
18c3: 8b e3 5d ff dd ff dd ff 5d e3 ff ff ; glyph 18
18cf: 8b c3 7d ff fd ff fd ff 7d c3 ff ff ; glyph 19
18db: 8b fb f5 5f f5 df f5 5f e3 fd ff ff ; glyph 1a
18e7: 9a ff e3 5d ff dd ff 5d e3 ff ff ff ; glyph 1b
18f3: 9b ff c3 7f fd ff fd 7f c3 fd ff ff ; glyph 1c
18ff: 8b c1 ff d5 ff 95 7f d5 ff dd ff ff ; glyph 1d
190b: 8b e3 dd f7 dd b7 5d f7 dd e7 ff ff ; glyph 1e
1917: 8b 57 ff 97 ff c1 ff 97 ff 57 ff ff ; glyph 1f
1923: 8b ff ff ff ff ff ff ff ff ff ff ff ; glyph 20
192f: c8 ff ff ff ff 0d ff ff ff ff ff ff ; glyph 21
193b: a9 ff ff 1f ff ff ff 1f ff ff ff ff ; glyph 22
1947: 8b d7 ff 01 ff d7 ff 01 ff d7 ff ff ; glyph 23
1953: 8b db ff ab ff 01 ff ab ff b7 ff ff ; glyph 24
195f: 8b 3f fd 3b f7 ef df b9 7f f9 ff ff ; glyph 25
196b: 8b b3 5f ed 5f b5 ff fb f7 ed ff ff ; glyph 26
1977: c8 ff ff ff ff bf 7f ff ff ff ff ff ; glyph 27
1983: c9 ff ff ff ff c7 bb 7d ff ff ff ff ; glyph 28
198f: a7 ff ff 7d bb c7 ff ff ff ff ff ff ; glyph 29
199b: 8b ef ff ab d7 ef d7 ab ff ef ff ff ; glyph 2a
19a7: 8b ef ff ef ff 83 ff ef ff ef ff ff ; glyph 2b
19b3: 39 ff ff ff f3 fe f1 ff ff ff ff ff ; glyph 2c
19bf: 8b ef ff ef ff ef ff ef ff ef ff ff ; glyph 2d
19cb: a7 ff ff f9 ff f9 ff ff ff ff ff ff ; glyph 2e
19d7: 9a ff fd fb f7 ef df bf 7f ff ff ff ; glyph 2f
19e3: 8b c7 bb ff 7d ff 7d ff bb c7 ff ff ; glyph 30
19ef: a9 ff ff bd ff 01 ff fd ff ff ff ff ; glyph 31
19fb: 8b bd 7f f9 7f f5 7f ed 7f 9d ff ff ; glyph 32
1a07: 8b 7b ff 7d ff 5d ff 2d ff 73 ff ff ; glyph 33
1a13: 8b f7 ef d7 bf 77 ff 01 ff f7 ff ff ; glyph 34
1a1f: 8b 1b fd 5f fd 5f fd 5f fd 63 ff ff ; glyph 35
1a2b: 8b f3 ed df ad 7f ed ff ed f3 ff ff ; glyph 36
1a37: 8b 7f ff 7d fb 77 ef 5f bf 7f ff ff ; glyph 37
1a43: 8b 93 6d ff 6d ff 6d ff 6d 93 ff ff ; glyph 38
1a4f: 8b 9f 6f ff 6f fd 6b f7 6f 9f ff ff ; glyph 39
1a5b: a7 ff ff c9 ff c9 ff ff ff ff ff ff ; glyph 3a
1a67: 27 ff ff 92 ff 91 ff ff ff ff ff ff ; glyph 3b
1a73: 89 ef ff d7 ff bb ff 7d ff ff ff ff ; glyph 3c
1a7f: 8b d7 ff d7 ff d7 ff d7 ff d7 ff ff ; glyph 3d
1a8b: ab ff ff 7d ff bb ff d7 ff ef ff ff ; glyph 3e
1a97: 8b bf 7f ff 7f f5 7f ef 7f 9f ff ff ; glyph 3f
1aa3: 8b c7 bb 7d ef 55 ff 55 ff 85 ff ff ; glyph 40
1aaf: 8b e1 df b7 7f f7 7f b7 df e1 ff ff ; glyph 41
1abb: 8b 7d 83 7d ef 7d ef 7d ef 93 ff ff ; glyph 42
1ac7: 8b 83 7d ff 7d ff 7d ff 7d bb ff ff ; glyph 43
1ad3: 8b 7d 83 7d ff 7d ff 7d bb c7 ff ff ; glyph 44
1adf: 8b 01 ff 6d ff 6d ff 6d ff 7d ff ff ; glyph 45
1aeb: 8b 01 ff 6f ff 6f ff 6f ff 7f ff ff ; glyph 46
1af7: 8b 83 7d ff 7d ef 7d ef 7d a3 ff ff ; glyph 47
1b03: 8b 01 ff ef ff ef ff ef ff 01 ff ff ; glyph 48
1b0f: a9 ff ff 7d ff 01 ff 7d ff ff ff ff ; glyph 49
1b1b: 8a f3 fd ff 7d ff 7d 83 7f ff ff ff ; glyph 4a
1b27: 8b 01 ff ef ff d7 ff bb ff 7d ff ff ; glyph 4b
1b33: 8b 01 ff fd ff fd ff fd ff fd ff ff ; glyph 4c
1b3f: 8b 01 ff bf df ef df bf ff 01 ff ff ; glyph 4d
1b4b: 8b 01 ff bf df ef f7 fb ff 01 ff ff ; glyph 4e
1b57: 8b 83 7d ff 7d ff 7d ff 7d 83 ff ff ; glyph 4f
1b63: 8b 01 ff 6f ff 6f ff 6f ff 9f ff ff ; glyph 50
1b6f: 8b 83 7d ff 7d f7 7d fb 7f 85 ff ff ; glyph 51
1b7b: 8b 01 ff 6f ff 6f ff 67 fb 9d ff ff ; glyph 52
1b87: 8b 9b 6d ff 6d ff 6d ff 6d b3 ff ff ; glyph 53
1b93: 8b 7f ff 7f ff 01 ff 7f ff 7f ff ff ; glyph 54
1b9f: 8b 03 fd ff fd ff fd ff fd 03 ff ff ; glyph 55
1bab: 8b 1f ef f7 fb fd fb f7 ef 1f ff ff ; glyph 56
1bb7: 8b 03 fd fb f7 cf f7 fb fd 03 ff ff ; glyph 57
1bc3: 9a ff 7d bb d7 ef d7 bb 7d ff ff ff ; glyph 58
1bcf: 8b 7f bf df ef f1 ef df bf 7f ff ff ; glyph 59
1bdb: 9a ff 7d fb 75 ef 5d bf 7d ff ff ff ; glyph 5a
1be7: a9 ff ff 01 ff 7d ff 7d ff ff ff ff ; glyph 5b
1bf3: 9a ff 7f bf df ef f7 fb fd ff ff ff ; glyph 5c
1bff: a9 ff ff 7d ff 7d ff 01 ff ff ff ff ; glyph 5d
1c0b: 8b df ff bf ff 7f ff bf ff df ff ff ; glyph 5e
1c17: 0b fe ff fe ff fe ff fe ff fe ff ff ; glyph 5f
1c23: b7 ff ff ff 7f bf ff ff ff ff ff ff ; glyph 60
1c2f: 8b fb f5 df f5 df f5 df e3 fd ff ff ; glyph 61
1c3b: 8a 01 ff dd ff dd ff dd e3 ff ff ff ; glyph 62
1c47: 8a e3 dd ff dd ff dd ff dd ff ff ff ; glyph 63
1c53: 8a e3 dd ff dd ff dd ff 01 ff ff ff ; glyph 64
1c5f: 8b e3 dd f7 dd f7 dd f7 dd e7 ff ff ; glyph 65
1c6b: 89 ef ff ef 91 6f ff 6f ff ff ff ff ; glyph 66
1c77: 0a c7 bb fe bb fe bb fe 81 ff ff ff ; glyph 67
1c83: 8a 01 ff df ff df ff df e1 ff ff ff ; glyph 68
1c8f: 98 ff dd ff 41 ff fd ff ff ff ff ff ; glyph 69
1c9b: 99 ff fe ff fe df fe 41 ff ff ff ff ; glyph 6a
1ca7: 9a ff 01 ff f7 ff eb ff dd ff ff ff ; glyph 6b
1cb3: 98 ff 7d ff 01 ff fd ff ff ff ff ff ; glyph 6c
1cbf: 8b e1 df ff df e1 df ff df e1 ff ff ; glyph 6d
1ccb: 8a c1 ff df ff df ff df e1 ff ff ff ; glyph 6e
1cd7: 8b e3 dd ff dd ff dd ff dd e3 ff ff ; glyph 6f
1ce3: 0a 80 ff bb ff bb ff bb c7 ff ff ff ; glyph 70
1cef: 0a c7 bb ff bb ff bb ff 80 ff ff ff ; glyph 71
1cfb: 8a c1 ff ef df ff df ff df ff ff ff ; glyph 72
1d07: 8b ef d5 ff d5 ff d5 ff d5 fb ff ff ; glyph 73
1d13: 8a df ff 03 fd df fd df fd ff ff ff ; glyph 74
1d1f: 8b c3 fd ff fd ff fd ff c3 fd ff ff ; glyph 75
1d2b: 8b df ef f7 fb fd fb f7 ef df ff ff ; glyph 76
1d37: 8b c3 fd fb f7 ef f7 fb fd c3 ff ff ; glyph 77
1d43: 89 dd eb ff f7 ff eb dd ff ff ff ff ; glyph 78
1d4f: 0b bf df ee f5 fb f7 ef df bf ff ff ; glyph 79
1d5b: 89 dd fb dd f7 dd ef dd ff ff ff ff ; glyph 7a
1d67: aa ff ff ef ff 93 7d ff 7d ff ff ff ; glyph 7b
1d73: c8 ff ff ff ff 11 ff ff ff ff ff ff ; glyph 7c
1d7f: 99 ff 7d ff 7d 93 ff ef ff ff ff ff ; glyph 7d
1d8b: 8b bf 7f ff 7f bf df ff df bf ff ff ; glyph 7e
1d97: 8b 83 7d fb 75 ef 5d bf 7d 83 ff ff ; glyph 7f
1da3: 8a fb f5 df 75 9f f5 db e5 ff ff ff ; glyph 80
1daf: 8a f3 ed d7 7d 97 fd d7 ef ff ff ff ; glyph 81
1dbb: 8a f3 cd ff 7d bf fd f3 cd ff ff ff ; glyph 82
1dc7: 8a f3 ed ff 5f bd ff db e7 ff ff ff ; glyph 83
1dd3: 98 ff fd ff e9 77 ad ff ff ff ff ff ; glyph 84
1ddf: a9 ff ff bf 5f ff 5f bf ff ff ff ff ; glyph 85
1deb: 8b ed ff e1 9f ed 7f ed 7f bf ff ff ; glyph 86
1df7: 9a ff fe fd fb f7 ef ff 7f ff ff ff ; glyph 87
1e03: 8a f9 fe f7 fe ef de 7f fd ff ff ff ; glyph 88
1e0f: 8b f9 a7 7f f7 7b bf f9 a7 7f ff ff ; glyph 89
1e1b: 8b ed b3 7f ef 7f af fd b3 7f ff ff ; glyph 8a
1e27: 8b fd e7 db 7f bb fd b7 cf 7f ff ff ; glyph 8b
1e33: 8b f9 c7 3f df 77 d9 27 fd f7 ff ff ; glyph 8c
1e3f: 8b fd fb f7 eb bf 5b ff 41 bf ff ff ; glyph 8d
1e4b: 8a fb f5 df f5 df 75 db e5 ff ff ff ; glyph 8e
1e57: 0a e7 de fb be f9 bf fb bf ff ff ff ; glyph 8f
1e63: 8b fd ef 95 ff 55 ff 53 ef 7f ff ff ; glyph 90
1e6f: 8a f9 e7 9f ff 7d ef 7d 93 ff ff ff ; glyph 91
1e7b: 8b f1 cf bf 6f f1 8f 7d ef 7d ff ff ; glyph 92
1e87: 8b fb dd f7 dd e3 dd f7 dd ef ff ff ; glyph 93
1e93: 8b e5 db bd f7 6d df 7b b7 4f ff ff ; glyph 94
1e9f: 8a f3 ee fd d3 ed df bb e7 ff ff ff ; glyph 95
1eab: aa ff ff 7f ff ff ff 7f ff ff ff ff ; glyph 96
1eb7: 8b fd fb f7 eb 7f db ff c1 7f ff ff ; glyph 97
1ec3: 8b f3 ed ff 5d ff dd ff 5b e7 ff ff ; glyph 98
1ecf: 8b f3 cd ff 7d ff fd ff 73 cf ff ff ; glyph 99
1edb: 8a fb f5 df 75 df f5 db 65 ff ff ff ; glyph 9a
1ee7: 8a f3 ed ff 5f fd ff db 67 ff ff ff ; glyph 9b
1ef3: 8b f3 cd 7f fd ff fd f3 4d ff ff ff ; glyph 9c
1eff: 8b f9 e7 dd f7 dd b7 dd 7f df ff ff ; glyph 9d
1f0b: 8a f3 ed d7 fd 97 fd 57 ef ff ff ff ; glyph 9e
1f17: 8b f7 df 77 99 e7 df b7 df 7f ff ff ; glyph 9f
1f23: 8b ff ff ff ff ff ff ff ff ff ff ff ; glyph a0
1f2f: 9a ff fd ff f7 ef df bf 7f ff ff ff ; glyph a1
1f3b: 9a ff df bf 7f ff df bf 7f ff ff ff ; glyph a2
1f47: 8b d7 f9 c7 3f d7 f9 c7 3f d7 ff ff ; glyph a3
1f53: 8a ff db ef b9 c7 3b ef b7 ff ff ff ; glyph a4
1f5f: 8b bf 7d bb 77 ef dd bb 7d fb ff ff ; glyph a5
1f6b: 8b f3 ef bd 5f ed 57 bb f5 ef ff ff ; glyph a6
1f77: c8 ff ff ff ff bf 7f ff ff ff ff ff ; glyph a7
1f83: ba ff ff ff e3 dd bf ff 7f ff ff ff ; glyph a8
1f8f: 98 ff fd ff fb 77 8f ff ff ff ff ff ; glyph a9
1f9b: 8b ef fb af d7 ef d7 eb bf ef ff ff ; glyph aa
1fa7: 8b ef ff eb f7 ef df af ff ef ff ff ; glyph ab
1fb3: 18 ff fe fb f5 fb f7 ff ff ff ff ff ; glyph ac
1fbf: 8b ef ff ef ff ef ff ef ff ef ff ff ; glyph ad
1fcb: a8 ff ff fd fb fd fb ff ff ff ff ff ; glyph ae
1fd7: 9a ff fd fb f7 ef df bf 7f ff ff ff ; glyph af
1fe3: 8b e3 df bd ff 7d ff 7b f7 8f ff ff ; glyph b0
1fef: 99 ff fd ff b9 e7 9d 7f ff ff ff ff ; glyph b1
1ffb: 8b fd bf f9 7f f5 7f ed 7f 9f ff ff ; glyph b2
2007: 8b fb ff 7d ff 6d ff 4d b3 7f ff ff ; glyph b3
2013: 8b f7 ef f7 df f7 b9 c7 3f f7 ff ff ; glyph b4
201f: 8b fb 9f 7d df 7d df 7b e7 7f ff ff ; glyph b5
202b: 8a f3 ed df ed bf ed 7f f3 ff ff ff ; glyph b6
2037: 8b 7f fd 7b f7 6f df 7f bf 7f ff ff ; glyph b7
2043: 8b f3 9d ef 7d ef 7d ef 73 9f ff ff ; glyph b8
204f: 8a 9f fd 6f fb 6f f7 6f 9f ff ff ff ; glyph b9
205b: a9 ff ff fd eb dd eb df ff ff ff ff ; glyph ba
2067: 19 ff fe fb d5 bb d7 bf ff ff ff ff ; glyph bb
2073: 9a ff ef f7 db fd bf ff 7f ff ff ff ; glyph bc
207f: 8a f7 df f7 df f7 df f7 df ff ff ff ; glyph bd
208b: 88 ff fd ff fb 7f b7 df ef ff ff ff ; glyph be
2097: 8a bf fd 7f f7 7f ef 7f 9f ff ff ff ; glyph bf
20a3: 8b e3 df bd 7f ed 77 dd 77 8f ff ff ; glyph c0
20af: 8b fd fb f7 ef d7 bf 77 ff 01 ff ff ; glyph c1
20bb: 8b f9 67 9d 7f ed 7f ed 73 9f ff ff ; glyph c2
20c7: 8b e3 dd bf 7d ff 7d ff 7b bf ff ff ; glyph c3
20d3: 8b f9 67 9d 7f fd 7f fb 77 8f ff ff ; glyph c4
20df: 8b f9 c7 3d ef 7d ef 7d ff 7f ff ff ; glyph c5
20eb: 8b f9 c7 3f ef 7f ef 7f ff 7f ff ff ; glyph c6
20f7: 8b e3 dd bf 7d ff 6d fb 67 bf ff ff ; glyph c7
2103: 8b f9 c7 3f ef ff ef f9 c7 3f ff ff ; glyph c8
210f: 9a ff fd ff 79 e7 1d ff 7f ff ff ff ; glyph c9
211b: 8b f3 fd ff fd 7f fb 67 9f 7f ff ff ; glyph ca
2127: 8b f9 c7 3f ef df f7 bb fd 7f ff ff ; glyph cb
2133: 9a ff f9 e7 9d 7f fd ff fd ff ff ff ; glyph cc
213f: 8b f9 c7 3f ff cf ff b9 c7 3f ff ff ; glyph cd
214b: 8b f9 c7 3f df ef f7 f9 c7 3f ff ff ; glyph ce
2157: 8b f3 cd bf 7d ff 7d fb 67 9f ff ff ; glyph cf
2163: 8b f9 e7 9f 6f ff 6f ff 6f 9f ff ff ; glyph d0
216f: 8b e3 df bd ff 75 ff 7b f5 8f ff ff ; glyph d1
217b: 8b f9 e7 9f 7f ef 77 eb 7d 9f ff ff ; glyph d2
2187: 8b fb 9d ff 6d ff 6d ff 73 bf ff ff ; glyph d3
2193: 8b 7f ff 79 e7 1f ff 7f ff 7f ff ff ; glyph d4
219f: 8b f3 cd 3f fd ff fd f3 cf 3f ff ff ; glyph d5
21ab: 9b ff 01 ff fb f7 ef df bf 7f ff ff ; glyph d6
21b7: 8b f9 c7 3b f7 ef f7 f9 c7 3f ff ff ; glyph d7
21c3: 8b fd 7b b7 df e7 db fd bf 7f ff ff ; glyph d8
21cf: 8b 7f bf d9 e7 ff df ff bf 7f ff ff ; glyph d9
21db: 8b fd fb 75 ff 6d ff 5d bf 7f ff ff ; glyph da
21e7: 9b ff f9 e7 9d 7f fd 7f ff 7f ff ff ; glyph db
21f3: a8 ff ff 3f cf f3 fd ff ff ff ff ff ; glyph dc
21ff: 8a fd ff fd 7f f9 67 9f 7f ff ff ff ; glyph dd
220b: 9a ff df ff bf ff 7f bf df ff ff ff ; glyph de
2217: 0b fe ff fe ff fe ff fe ff fe ff ff ; glyph df
2223: b7 ff ff ff 7f bf ff ff ff ff ff ff ; glyph e0
222f: 8a fb f5 df f5 df f5 db e5 ff ff ff ; glyph e1
223b: 8a f9 e7 1d ff dd ff db e7 ff ff ff ; glyph e2
2247: 8a f3 ef fd df fd df fd df ff ff ff ; glyph e3
2253: 8b f3 ef fd df fd df f9 c7 3f ff ff ; glyph e4
225f: 8a f3 ed d7 fd d7 fd d7 ef ff ff ff ; glyph e5
226b: 8b df ff d9 e7 9f ff 5f ff 7f ff ff ; glyph e6
2277: 0a e7 da ff ba ff b9 e7 9f ff ff ff ; glyph e7
2283: 8a f9 e7 1f ff df ff d9 e7 ff ff ff ; glyph e8
228f: 99 ff fd ff d9 e7 dd 7f ff ff ff ff ; glyph e9
229b: 89 fe ff fe ff d9 e7 5f ff ff ff ff ; glyph ea
22a7: 8a f9 e7 9f 77 fb ed ff df ff ff ff ; glyph eb
22b3: 99 ff fd ff f9 67 9d 7f ff ff ff ff ; glyph ec
22bf: 8a d9 e7 df f9 c7 ff d9 e7 ff ff ff ; glyph ed
22cb: 89 d9 e7 df ff df f9 e7 ff ff ff ff ; glyph ee
22d7: 8a f3 ed ff df fd ff db e7 ff ff ff ; glyph ef
22e3: 0a fc e3 9f fb bf fb b7 cf ff ff ff ; glyph f0
22ef: 0a e7 db ff bb ff b8 e7 9f ff ff ff ; glyph f1
22fb: 89 f9 c7 ff ef df ff df ff ff ff ff ; glyph f2
2307: 8a fd ef fd d7 fd d7 fb df ff ff ff ; glyph f3
2313: 9a ff df f3 cd 3f dd ff df ff ff ff ; glyph f4
231f: 8a f3 cd ff fd ff fd f3 cd ff ff ff ; glyph f5
232b: 9a ff c1 ff fb ff f7 ef df ff ff ff ; glyph f6
2337: 8b f1 cf fb ff e7 fb ff f9 c7 ff ff ; glyph f7
2343: 8b fd ff db ef f7 fb ed ff df ff ff ; glyph f8
234f: 0a bf de ed fb f7 ef df bf ff ff ff ; glyph f9
235b: 8b fd ff d9 ff d5 ff cd ff df ff ff ; glyph fa
2367: 9a ff ef fb e5 9f 7d ff 7f ff ff ff ; glyph fb
2373: 99 ff fd fb f7 df bf 7f ff ff ff ff ; glyph fc
237f: 9a ff fd ff 7d f3 4f bf ef ff ff ff ; glyph fd
238b: 8b bf 7f ff 7f bf df ff df bf ff ff ; glyph fe
2397: 8b e5 db bd f7 6d df 7b b7 4f ff ff ; glyph ff

; ---- CODE 23A3-33F5 ----
23a3: 34 80 16     LXI     HL,$1680
23a6: 70 3e 0e 80  SHLD    $800E
23aa: b8           RET     
23ab: b3           PUSH    HL
23ac: b4           PUSH    EA
23ad: b0           PUSH    VA
23ae: 05 52 7f     ANIW    VV:52,$7F
23b1: 40 ec 24     CALL    $24EC
23b4: 34 16 80     LXI     HL,$8016
23b7: 48 83        LDEAX   (HL)
23b9: 70 41        EADD    EA,A
23bb: 48 93        STEAX   (HL)
23bd: 44 ab 94     LXI     EA,$94AB
23c0: 70 3f 12 80  LHLD    $8012
23c4: 74 c7        DADD    EA,HL
23c6: 74 c7        DADD    EA,HL
23c8: b7           DMOV    HL,EA
23c9: 01 07        LDAW    VV:07
23cb: 3d           STAX    (HL+)
23cc: a0           POP     VA
23cd: b0           PUSH    VA
23ce: 3b           STAX    (HL)
23cf: 34 12 80     LXI     HL,$8012
23d2: 48 83        LDEAX   (HL)
23d4: a8           INX     EA
23d5: 48 93        STEAX   (HL)
23d7: 34 14 80     LXI     HL,$8014
23da: 48 83        LDEAX   (HL)
23dc: a8           INX     EA
23dd: 48 93        STEAX   (HL)
23df: a0           POP     VA
23e0: a4           POP     EA
23e1: a3           POP     HL
23e2: b8           RET     
23e3: b4           PUSH    EA
23e4: b3           PUSH    HL
23e5: 44 ab 94     LXI     EA,$94AB
23e8: 70 3f 0c 80  LHLD    $800C
23ec: 74 c7        DADD    EA,HL
23ee: 74 c7        DADD    EA,HL
23f0: b7           DMOV    HL,EA
23f1: 32           INX     HL
23f2: 2b           LDAX    (HL)
23f3: c2           JR      $23F6
23f4: b4           PUSH    EA
23f5: b3           PUSH    HL
23f6: 40 6e 17     CALL    $176E
23f9: b7           DMOV    HL,EA
23fa: 2b           LDAX    (HL)
23fb: a3           POP     HL
23fc: a4           POP     EA
23fd: b8           RET     
23fe: b3           PUSH    HL
23ff: 40 7c 29     CALL    $297C
2402: 70 3f 10 80  LHLD    $8010
2406: 70 3e 18 80  SHLD    $8018
240a: 70 3e 16 80  SHLD    $8016
240e: 34 00 00     LXI     HL,$0000
2411: 70 3e 14 80  SHLD    $8014
2415: 70 3e 12 80  SHLD    $8012
2419: a3           POP     HL
241a: b8           RET     
241b: 44 00 00     LXI     EA,$0000
241e: 70 3f 12 80  LHLD    $8012
2422: 74 ef        DNE     EA,HL
2424: b8           RET     
2425: 55 00 20     OFFIW   VV:00,$20
2428: b8           RET     
2429: b4           PUSH    EA
242a: b1           PUSH    BC
242b: b0           PUSH    VA
242c: 34 12 80     LXI     HL,$8012
242f: 48 83        LDEAX   (HL)
2431: a9           DCX     EA
2432: 48 93        STEAX   (HL)
2434: 34 14 80     LXI     HL,$8014
2437: 48 83        LDEAX   (HL)
2439: a9           DCX     EA
243a: 48 93        STEAX   (HL)
243c: 40 f5 24     CALL    $24F5
243f: 1a           MOV     B,A
2440: 44 ab 94     LXI     EA,$94AB
2443: 70 3f 12 80  LHLD    $8012
2447: 74 c7        DADD    EA,HL
2449: 74 c7        DADD    EA,HL
244b: b7           DMOV    HL,EA
244c: 2b           LDAX    (HL)
244d: 57 80        OFFI    A,$80
244f: 48 26        SLL     B
2451: 0a           MOV     A,B
2452: 34 16 80     LXI     HL,$8016
2455: 48 83        LDEAX   (HL)
2457: 70 61        ESUB    EA,A
2459: 48 93        STEAX   (HL)
245b: a0           POP     VA
245c: a1           POP     BC
245d: a4           POP     EA
245e: b8           RET     
245f: b4           PUSH    EA
2460: b3           PUSH    HL
2461: 70 3f 16 80  LHLD    $8016
2465: a7           DMOV    EA,HL
2466: 55 04 20     OFFIW   VV:04,$20
2469: c8           JR      $2472
246a: 45 00 04     ONIW    VV:00,$04
246d: c4           JR      $2472
246e: 69 d8        MVI     A,$D8
2470: 70 41        EADD    EA,A
2472: 01 28        LDAW    VV:28
2474: 40 ec 24     CALL    $24EC
2477: 70 41        EADD    EA,A
2479: 70 3f 0e 80  LHLD    $800E
247d: 74 af        DGT     EA,HL
247f: 69 00        MVI     A,$00
2481: 69 ff        MVI     A,$FF
2483: a3           POP     HL
2484: a4           POP     EA
2485: b8           RET     
2486: 69 48        MVI     A,$48
2488: 45 00 20     ONIW    VV:00,$20
248b: 40 ec 24     CALL    $24EC
248e: b0           PUSH    VA
248f: 40 52 0d     CALL    $0D52
2492: 1a           MOV     B,A
2493: a0           POP     VA
2494: 48 2e        MUL     B
2496: 34 81 16     LXI     HL,$1681
2499: 74 bf        DLT     EA,HL
249b: b8           RET     
249c: b4           PUSH    EA
249d: 70 3f 10 80  LHLD    $8010
24a1: a7           DMOV    EA,HL
24a2: 34 90 00     LXI     HL,$0090
24a5: 74 c7        DADD    EA,HL
24a7: b7           DMOV    HL,EA
24a8: a4           POP     EA
24a9: 74 bf        DLT     EA,HL
24ab: c1           JR      $24AD
24ac: b8           RET     
24ad: b7           DMOV    HL,EA
24ae: 70 3e 0e 80  SHLD    $800E
24b2: 15 04 20     ORIW    VV:04,$20
24b5: 40 fe 23     CALL    $23FE
24b8: b8           RET     
24b9: 40 52 0d     CALL    $0D52
24bc: 1a           MOV     B,A
24bd: 69 48        MVI     A,$48
24bf: 45 00 20     ONIW    VV:00,$20
24c2: 40 f5 24     CALL    $24F5
24c5: 55 07 80     OFFIW   VV:07,$80
24c8: 48 25        SLL     A
24ca: 48 2e        MUL     B
24cc: b4           PUSH    EA
24cd: 70 3f 0e 80  LHLD    $800E
24d1: a7           DMOV    EA,HL
24d2: 34 90 00     LXI     HL,$0090
24d5: 74 e7        DSUB    EA,HL
24d7: b7           DMOV    HL,EA
24d8: a4           POP     EA
24d9: 74 af        DGT     EA,HL
24db: c1           JR      $24DD
24dc: b8           RET     
24dd: b7           DMOV    HL,EA
24de: 70 3e 10 80  SHLD    $8010
24e2: 05 02 bf     ANIW    VV:02,$BF
24e5: 15 04 20     ORIW    VV:04,$20
24e8: 40 fe 23     CALL    $23FE
24eb: b8           RET     
24ec: 40 f5 24     CALL    $24F5
24ef: 55 07 80     OFFIW   VV:07,$80
24f2: 48 25        SLL     A
24f4: b8           RET     
24f5: b4           PUSH    EA
24f6: b1           PUSH    BC
24f7: b2           PUSH    DE
24f8: 55 00 20     OFFIW   VV:00,$20
24fb: d5           JR      $2511
24fc: 69 48        MVI     A,$48
24fe: 45 00 04     ONIW    VV:00,$04
2501: c8           JR      $250A
2502: 55 00 02     OFFIW   VV:00,$02
2505: 69 24        MVI     A,$24
2507: 69 2a        MVI     A,$2A
2509: c6           JR      $2510
250a: 45 00 02     ONIW    VV:00,$02
250d: dc           JR      $252A
250e: 69 3c        MVI     A,$3C
2510: d9           JR      $252A
2511: 40 f4 23     CALL    $23F4
2514: 1a           MOV     B,A
2515: 07 7f        ANI     A,$7F
2517: 48 21        SLR     A
2519: 48 21        SLR     A
251b: 48 21        SLR     A
251d: 48 21        SLR     A
251f: 74 0a 0f     ANI     B,$0F
2522: 60 62        SUB     B,A
2524: 42           INR     B
2525: 69 06        MVI     A,$06
2527: 48 2e        MUL     B
2529: 09           MOV     A,EAL
252a: a2           POP     DE
252b: a1           POP     BC
252c: a4           POP     EA
252d: b8           RET     
252e: 69 91        MVI     A,$91
2530: 40 dc 39     CALL    $39DC
2533: 69 04        MVI     A,$04
2535: 40 a6 39     CALL    $39A6
2538: b8           RET     
2539: 40 a8 26     CALL    $26A8
253c: 67 ff        NEI     A,$FF
253e: b8           RET     
253f: b3           PUSH    HL
2540: 70 3f 1a 80  LHLD    $801A
2544: a7           DMOV    EA,HL
2545: 69 0c        MVI     A,$0C
2547: 48 3d        DIV     A
2549: b7           DMOV    HL,EA
254a: 32           INX     HL
254b: a4           POP     EA
254c: 74 af        DGT     EA,HL
254e: cd           JR      $255C
254f: 44 1f 00     LXI     EA,$001F
2552: 74 bf        DLT     EA,HL
2554: 54 6e 26     JMP     $266E
2557: a7           DMOV    EA,HL
2558: a9           DCX     EA
2559: 54 51 26     JMP     $2651
255c: b6           DMOV    DE,EA
255d: a7           DMOV    EA,HL
255e: 74 e6        DSUB    EA,DE
2560: 14 0e 00     LXI     BC,$000E
2563: 74 bd        DLT     EA,BC
2565: b8           RET     
2566: a6           DMOV    EA,DE
2567: 74 e5        DSUB    EA,BC
2569: 40 51 26     CALL    $2651
256c: b8           RET     
256d: 45 00 0e     ONIW    VV:00,$0E
2570: d4           JR      $2585
2571: 55 00 08     OFFIW   VV:00,$08
2574: c7           JR      $257C
2575: 45 00 04     ONIW    VV:00,$04
2578: c6           JR      $257F
2579: 69 04        MVI     A,$04
257b: d2           JR      $258E
257c: 69 02        MVI     A,$02
257e: cf           JR      $258E
257f: 69 03        MVI     A,$03
2581: 34 b0 04     LXI     HL,$04B0
2584: cc           JR      $2591
2585: 69 02        MVI     A,$02
2587: 34 41 03     LXI     HL,$0341
258a: 45 04 08     ONIW    VV:04,$08
258d: c3           JR      $2591
258e: 34 82 06     LXI     HL,$0682
2591: 70 3e 2f 80  SHLD    $802F
2595: 63 31        STAW    VV:31
2597: 71 57 01     MVIW    VV:57,$01
259a: 40 50 03     CALL    $0350
259d: 40 ed 25     CALL    $25ED
25a0: 55 00 0e     OFFIW   VV:00,$0E
25a3: ca           JR      $25AE
25a4: 45 04 08     ONIW    VV:04,$08
25a7: 4e 2f        JRE     $25D8
25a9: 40 e0 25     CALL    $25E0
25ac: 4e 1f        JRE     $25CD
25ae: 40 c1 26     CALL    $26C1
25b1: 45 00 04     ONIW    VV:00,$04
25b4: cd           JR      $25C2
25b5: 55 68 02     OFFIW   VV:68,$02
25b8: 40 e0 25     CALL    $25E0
25bb: 40 e0 25     CALL    $25E0
25be: 40 e0 25     CALL    $25E0
25c1: cb           JR      $25CD
25c2: 45 00 02     ONIW    VV:00,$02
25c5: c4           JR      $25CA
25c6: 40 e0 25     CALL    $25E0
25c9: c3           JR      $25CD
25ca: 40 e0 25     CALL    $25E0
25cd: 55 06 04     OFFIW   VV:06,$04
25d0: c7           JR      $25D8
25d1: 45 00 0c     ONIW    VV:00,$0C
25d4: 69 12        MVI     A,$12
25d6: 69 22        MVI     A,$22
25d8: 69 02        MVI     A,$02
25da: 55 02 80     OFFIW   VV:02,$80
25dd: fc           JR      $25DA
25de: 4e 76        JRE     $2656
25e0: 01 27        LDAW    VV:27
25e2: 41           INR     A
25e3: 74 f8 31     EQAW    VV:31
25e6: c3           JR      $25EA
25e7: 69 00        MVI     A,$00
25e9: 23           DCX     DE
25ea: 63 27        STAW    VV:27
25ec: b8           RET     
25ed: 70 3f 1a 80  LHLD    $801A
25f1: a7           DMOV    EA,HL
25f2: 69 0c        MVI     A,$0C
25f4: 48 3d        DIV     A
25f6: b7           DMOV    HL,EA
25f7: 40 35 26     CALL    $2635
25fa: 32           INX     HL
25fb: 63 26        STAW    VV:26
25fd: 44 0c 00     LXI     EA,$000C
2600: 01 31        LDAW    VV:31
2602: 48 3d        DIV     A
2604: 01 57        LDAW    VV:57
2606: 1a           MOV     B,A
2607: 09           MOV     A,EAL
2608: 48 2e        MUL     B
260a: 09           MOV     A,EAL
260b: 70 2f 1c 80  LDED    $801C
260f: a6           DMOV    EA,DE
2610: 70 61        ESUB    EA,A
2612: 69 0c        MVI     A,$0C
2614: 48 3d        DIV     A
2616: b6           DMOV    DE,EA
2617: 40 35 26     CALL    $2635
261a: 22           INX     DE
261b: 63 27        STAW    VV:27
261d: 74 f8 26     EQAW    VV:26
2620: c6           JR      $2627
2621: a6           DMOV    EA,DE
2622: 74 ff        DEQ     EA,HL
2624: c2           JR      $2627
2625: 22           INX     DE
2626: cb           JR      $2632
2627: 67 00        NEI     A,$00
2629: c8           JR      $2632
262a: 22           INX     DE
262b: 1a           MOV     B,A
262c: 01 31        LDAW    VV:31
262e: 60 e2        SUB     A,B
2630: 63 27        STAW    VV:27
2632: 32           INX     HL
2633: 22           INX     DE
2634: b8           RET     
2635: 1b           MOV     C,A
2636: 6a 00        MVI     B,$00
2638: 44 0c 00     LXI     EA,$000C
263b: 01 31        LDAW    VV:31
263d: 48 3d        DIV     A
263f: 09           MOV     A,EAL
2640: a5           DMOV    EA,BC
2641: 48 3d        DIV     A
2643: 67 00        NEI     A,$00
2645: c9           JR      $264F
2646: 09           MOV     A,EAL
2647: 41           INR     A
2648: 74 f8 31     EQAW    VV:31
264b: b9           RETS    
264c: 69 00        MVI     A,$00
264e: b8           RET     
264f: 09           MOV     A,EAL
2650: b9           RETS    
2651: b7           DMOV    HL,EA
2652: b6           DMOV    DE,EA
2653: 22           INX     DE
2654: 69 02        MVI     A,$02
2656: 40 dc 39     CALL    $39DC
2659: 69 04        MVI     A,$04
265b: 40 a6 39     CALL    $39A6
265e: 0f           MOV     A,L
265f: 40 a6 39     CALL    $39A6
2662: 0e           MOV     A,H
2663: 40 a6 39     CALL    $39A6
2666: 0d           MOV     A,E
2667: 40 a6 39     CALL    $39A6
266a: 0c           MOV     A,D
266b: 54 a6 39     JMP     $39A6
266e: 40 a8 26     CALL    $26A8
2671: 67 ff        NEI     A,$FF
2673: b8           RET     
2674: 69 03        MVI     A,$03
2676: 54 dc 39     JMP     $39DC
2679: 40 6f 0a     CALL    $0A6F
267c: c2           JR      $267F
267d: cc           JR      $268A
267e: b8           RET     
267f: 55 04 08     OFFIW   VV:04,$08
2682: b8           RET     
2683: 40 d3 00     CALL    $00D3
2686: 15 04 08     ORIW    VV:04,$08
2689: b8           RET     
268a: 45 04 08     ONIW    VV:04,$08
268d: b8           RET     
268e: 40 d3 00     CALL    $00D3
2691: 05 04 f7     ANIW    VV:04,$F7
2694: b8           RET     
2695: 70 69 01 d0  MOV     A,($D001)
2699: 57 80        OFFI    A,$80
269b: 54 c7 0e     JMP     $0EC7
269e: 57 02        OFFI    A,$02
26a0: f4           JR      $2695
26a1: 69 00        MVI     A,$00
26a3: 70 79 01 d0  MOV     ($D001),A
26a7: b8           RET     
26a8: 69 04        MVI     A,$04
26aa: 40 7b 39     CALL    $397B
26ad: 1f           MOV     L,A
26ae: 70 69 01 d0  MOV     A,($D001)
26b2: 47 01        ONI     A,$01
26b4: f9           JR      $26AE
26b5: 70 69 00 d0  MOV     A,($D000)
26b9: 1e           MOV     H,A
26ba: 77 ff        EQI     A,$FF
26bc: 69 00        MVI     A,$00
26be: 69 ff        MVI     A,$FF
26c0: b8           RET     
26c1: b1           PUSH    BC
26c2: b2           PUSH    DE
26c3: b3           PUSH    HL
26c4: 45 68 01     ONIW    VV:68,$01
26c7: c4           JR      $26CC
26c8: 55 02 80     OFFIW   VV:02,$80
26cb: fc           JR      $26C8
26cc: 40 a8 26     CALL    $26A8
26cf: 67 ff        NEI     A,$FF
26d1: 34 00 00     LXI     HL,$0000
26d4: a7           DMOV    EA,HL
26d5: 14 3c 00     LXI     BC,$003C
26d8: 74 c5        DADD    EA,BC
26da: a3           POP     HL
26db: b3           PUSH    HL
26dc: 74 bf        DLT     EA,HL
26de: ce           JR      $26ED
26df: a7           DMOV    EA,HL
26e0: 14 1e 00     LXI     BC,$001E
26e3: 74 b5        DSUBNB  EA,BC
26e5: c3           JR      $26E9
26e6: 40 51 26     CALL    $2651
26e9: a3           POP     HL
26ea: a2           POP     DE
26eb: a1           POP     BC
26ec: b8           RET     
26ed: 40 a8 26     CALL    $26A8
26f0: 67 ff        NEI     A,$FF
26f2: 34 00 00     LXI     HL,$0000
26f5: a1           POP     BC
26f6: a4           POP     EA
26f7: b6           DMOV    DE,EA
26f8: b4           PUSH    EA
26f9: b1           PUSH    BC
26fa: 14 3c 00     LXI     BC,$003C
26fd: 74 c5        DADD    EA,BC
26ff: 74 bf        DLT     EA,HL
2701: 4f e6        JRE     $26E9
2703: 14 1e 00     LXI     BC,$001E
2706: a6           DMOV    EA,DE
2707: 74 c5        DADD    EA,BC
2709: 40 51 26     CALL    $2651
270c: 4f db        JRE     $26E9
270e: 70 3f 18 80  LHLD    $8018
2712: 70 3e 1d 7b  SHLD    $7B1D
2716: 70 3e 1f 7b  SHLD    $7B1F
271a: 69 ff        MVI     A,$FF
271c: 70 79 27 7e  MOV     ($7E27),A
2720: 69 00        MVI     A,$00
2722: 70 79 25 7e  MOV     ($7E25),A
2726: 70 79 26 7e  MOV     ($7E26),A
272a: 70 79 21 7b  MOV     ($7B21),A
272e: b8           RET     
272f: 70 69 27 7e  MOV     A,($7E27)
2733: 77 00        EQI     A,$00
2735: dd           JR      $2753
2736: 01 28        LDAW    VV:28
2738: b0           PUSH    VA
2739: 01 61        LDAW    VV:61
273b: 1f           MOV     L,A
273c: 01 60        LDAW    VV:60
273e: 1e           MOV     H,A
273f: b3           PUSH    HL
2740: 40 a0 28     CALL    $28A0
2743: 40 d2 0f     CALL    $0FD2
2746: 40 0e 27     CALL    $270E
2749: a3           POP     HL
274a: 0e           MOV     A,H
274b: 63 60        STAW    VV:60
274d: 0f           MOV     A,L
274e: 63 61        STAW    VV:61
2750: a0           POP     VA
2751: 63 28        STAW    VV:28
2753: 70 3f 1d 7b  LHLD    $7B1D
2757: 01 28        LDAW    VV:28
2759: 40 7f 2b     CALL    $2B7F
275c: 01 5e        LDAW    VV:5E
275e: 74 a8 5f     GTAW    VV:5F
2761: 01 5f        LDAW    VV:5F
2763: 65 28 20     NEIW    VV:28,$20
2766: 69 06        MVI     A,$06
2768: 6a 06        MVI     B,$06
276a: 48 2e        MUL     B
276c: 74 c7        DADD    EA,HL
276e: 70 3f 0e 80  LHLD    $800E
2772: 74 af        DGT     EA,HL
2774: d7           JR      $278C
2775: 01 28        LDAW    VV:28
2777: b0           PUSH    VA
2778: 01 61        LDAW    VV:61
277a: 1f           MOV     L,A
277b: 01 60        LDAW    VV:60
277d: 1e           MOV     H,A
277e: b3           PUSH    HL
277f: 40 d5 28     CALL    $28D5
2782: a3           POP     HL
2783: 0e           MOV     A,H
2784: 63 60        STAW    VV:60
2786: 0f           MOV     A,L
2787: 63 61        STAW    VV:61
2789: a0           POP     VA
278a: 63 28        STAW    VV:28
278c: 65 28 20     NEIW    VV:28,$20
278f: c4           JR      $2794
2790: 40 98 27     CALL    $2798
2793: b8           RET     
2794: 40 e1 27     CALL    $27E1
2797: b8           RET     
2798: 24 25 7e     LXI     DE,$7E25
279b: 2a           LDAX    (DE)
279c: 1a           MOV     B,A
279d: 01 28        LDAW    VV:28
279f: 34 25 7b     LXI     HL,$7B25
27a2: bd           STAX    (HL+B)
27a3: 70 69 60 80  MOV     A,($8060)
27a7: 55 5c 02     OFFIW   VV:5C,$02
27aa: 17 80        ORI     A,$80
27ac: 34 25 7c     LXI     HL,$7C25
27af: bd           STAX    (HL+B)
27b0: 70 69 61 80  MOV     A,($8061)
27b4: 34 25 7d     LXI     HL,$7D25
27b7: bd           STAX    (HL+B)
27b8: 34 25 7e     LXI     HL,$7E25
27bb: 2b           LDAX    (HL)
27bc: 41           INR     A
27bd: 00           NOP     
27be: 3b           STAX    (HL)
27bf: 34 27 7e     LXI     HL,$7E27
27c2: 2b           LDAX    (HL)
27c3: 51           DCR     A
27c4: 00           NOP     
27c5: 3b           STAX    (HL)
27c6: 01 28        LDAW    VV:28
27c8: 40 7f 2b     CALL    $2B7F
27cb: 01 5f        LDAW    VV:5F
27cd: 65 28 20     NEIW    VV:28,$20
27d0: 69 06        MVI     A,$06
27d2: 6a 06        MVI     B,$06
27d4: 48 2e        MUL     B
27d6: b6           DMOV    DE,EA
27d7: 34 1d 7b     LXI     HL,$7B1D
27da: 48 83        LDEAX   (HL)
27dc: 74 c6        DADD    EA,DE
27de: 48 93        STEAX   (HL)
27e0: b8           RET     
27e1: 40 bd 28     CALL    $28BD
27e4: 40 f4 27     CALL    $27F4
27e7: 40 c9 28     CALL    $28C9
27ea: 34 21 7b     LXI     HL,$7B21
27ed: 2b           LDAX    (HL)
27ee: 41           INR     A
27ef: 00           NOP     
27f0: 3b           STAX    (HL)
27f1: 54 98 27     JMP     $2798
27f4: 01 28        LDAW    VV:28
27f6: b0           PUSH    VA
27f7: 01 61        LDAW    VV:61
27f9: 1f           MOV     L,A
27fa: 01 60        LDAW    VV:60
27fc: 1e           MOV     H,A
27fd: b3           PUSH    HL
27fe: 34 25 7e     LXI     HL,$7E25
2801: 2b           LDAX    (HL)
2802: 51           DCR     A
2803: c2           JR      $2806
2804: 4e 28        JRE     $282E
2806: 1a           MOV     B,A
2807: 34 25 7b     LXI     HL,$7B25
280a: ad           LDAX    (HL+B)
280b: 63 28        STAW    VV:28
280d: 34 25 7c     LXI     HL,$7C25
2810: ad           LDAX    (HL+B)
2811: 70 79 60 80  MOV     ($8060),A
2815: 34 25 7d     LXI     HL,$7D25
2818: ad           LDAX    (HL+B)
2819: 70 79 61 80  MOV     ($8061),A
281d: 01 28        LDAW    VV:28
281f: 40 91 28     CALL    $2891
2822: 40 7f 2b     CALL    $2B7F
2825: 65 28 20     NEIW    VV:28,$20
2828: c5           JR      $282E
2829: 01 5e        LDAW    VV:5E
282b: 74 b0 5f     SUBNBW  VV:5F
282e: 69 00        MVI     A,$00
2830: 70 3f 1d 7b  LHLD    $7B1D
2834: a7           DMOV    EA,HL
2835: 70 41        EADD    EA,A
2837: b7           DMOV    HL,EA
2838: 70 3e 1f 7b  SHLD    $7B1F
283c: a3           POP     HL
283d: 0e           MOV     A,H
283e: 63 60        STAW    VV:60
2840: 0f           MOV     A,L
2841: 63 61        STAW    VV:61
2843: a0           POP     VA
2844: 63 28        STAW    VV:28
2846: b8           RET     
2847: 24 26 7e     LXI     DE,$7E26
284a: 2a           LDAX    (DE)
284b: 1a           MOV     B,A
284c: 34 25 7b     LXI     HL,$7B25
284f: ad           LDAX    (HL+B)
2850: 63 28        STAW    VV:28
2852: 34 25 7c     LXI     HL,$7C25
2855: ad           LDAX    (HL+B)
2856: 70 79 60 80  MOV     ($8060),A
285a: 34 25 7d     LXI     HL,$7D25
285d: ad           LDAX    (HL+B)
285e: 70 79 61 80  MOV     ($8061),A
2862: 34 26 7e     LXI     HL,$7E26
2865: 2b           LDAX    (HL)
2866: 41           INR     A
2867: 00           NOP     
2868: 3b           STAX    (HL)
2869: 34 27 7e     LXI     HL,$7E27
286c: 2b           LDAX    (HL)
286d: 41           INR     A
286e: 00           NOP     
286f: 3b           STAX    (HL)
2870: 01 28        LDAW    VV:28
2872: 40 91 28     CALL    $2891
2875: 40 7f 2b     CALL    $2B7F
2878: 01 5f        LDAW    VV:5F
287a: 65 28 20     NEIW    VV:28,$20
287d: 69 06        MVI     A,$06
287f: 6a 06        MVI     B,$06
2881: 48 2e        MUL     B
2883: b6           DMOV    DE,EA
2884: 34 1d 7b     LXI     HL,$7B1D
2887: 48 83        LDEAX   (HL)
2889: 74 e6        DSUB    EA,DE
288b: 48 93        STEAX   (HL)
288d: b8           RET     
288e: 54 ae 2b     JMP     $2BAE
2891: 45 60 80     ONIW    VV:60,$80
2894: c4           JR      $2899
2895: 15 5c 02     ORIW    VV:5C,$02
2898: c3           JR      $289C
2899: 05 5c fd     ANIW    VV:5C,$FD
289c: 05 60 7f     ANIW    VV:60,$7F
289f: b8           RET     
28a0: 40 bd 28     CALL    $28BD
28a3: 69 06        MVI     A,$06
28a5: 63 66        STAW    VV:66
28a7: 70 6a 26 7e  MOV     B,($7E26)
28ab: 70 69 25 7e  MOV     A,($7E25)
28af: 60 ea        NEA     A,B
28b1: c7           JR      $28B9
28b2: 40 47 28     CALL    $2847
28b5: 40 8e 28     CALL    $288E
28b8: ee           JR      $28A7
28b9: 40 c9 28     CALL    $28C9
28bc: b8           RET     
28bd: 45 5c 02     ONIW    VV:5C,$02
28c0: c4           JR      $28C5
28c1: 15 5d 40     ORIW    VV:5D,$40
28c4: c3           JR      $28C8
28c5: 05 5d bf     ANIW    VV:5D,$BF
28c8: b8           RET     
28c9: 45 5d 40     ONIW    VV:5D,$40
28cc: c4           JR      $28D1
28cd: 15 5c 02     ORIW    VV:5C,$02
28d0: c3           JR      $28D4
28d1: 05 5c fd     ANIW    VV:5C,$FD
28d4: b8           RET     
28d5: 70 69 21 7b  MOV     A,($7B21)
28d9: 77 00        EQI     A,$00
28db: ca           JR      $28E6
28dc: 40 a0 28     CALL    $28A0
28df: 40 d2 0f     CALL    $0FD2
28e2: 40 0e 27     CALL    $270E
28e5: b8           RET     
28e6: 40 bd 28     CALL    $28BD
28e9: 15 5d 80     ORIW    VV:5D,$80
28ec: 70 69 21 7b  MOV     A,($7B21)
28f0: 67 01        NEI     A,$01
28f2: 4e 4b        JRE     $293F
28f4: 70 3f 0e 80  LHLD    $800E
28f8: a7           DMOV    EA,HL
28f9: 70 3f 1f 7b  LHLD    $7B1F
28fd: 74 e7        DSUB    EA,HL
28ff: 69 06        MVI     A,$06
2901: 48 3d        DIV     A
2903: 70 69 21 7b  MOV     A,($7B21)
2907: 51           DCR     A
2908: 00           NOP     
2909: 48 3d        DIV     A
290b: 70 79 24 7b  MOV     ($7B24),A
290f: 09           MOV     A,EAL
2910: 70 79 22 7b  MOV     ($7B22),A
2914: 1a           MOV     B,A
2915: 69 06        MVI     A,$06
2917: 60 c2        ADD     A,B
2919: 41           INR     A
291a: 00           NOP     
291b: 63 66        STAW    VV:66
291d: 70 69 24 7b  MOV     A,($7B24)
2921: 67 00        NEI     A,$00
2923: 4e 1a        JRE     $293F
2925: 40 47 28     CALL    $2847
2928: 75 28 20     EQIW    VV:28,$20
292b: ce           JR      $293A
292c: 34 21 7b     LXI     HL,$7B21
292f: 2b           LDAX    (HL)
2930: 51           DCR     A
2931: 00           NOP     
2932: 3b           STAX    (HL)
2933: 34 24 7b     LXI     HL,$7B24
2936: 2b           LDAX    (HL)
2937: 51           DCR     A
2938: 00           NOP     
2939: 3b           STAX    (HL)
293a: 40 8e 28     CALL    $288E
293d: 4f de        JRE     $291D
293f: 70 69 22 7b  MOV     A,($7B22)
2943: 1a           MOV     B,A
2944: 69 06        MVI     A,$06
2946: 60 c2        ADD     A,B
2948: 00           NOP     
2949: 63 66        STAW    VV:66
294b: 70 69 21 7b  MOV     A,($7B21)
294f: 67 00        NEI     A,$00
2951: 4e 19        JRE     $296C
2953: 40 47 28     CALL    $2847
2956: 75 28 20     EQIW    VV:28,$20
2959: c7           JR      $2961
295a: 34 21 7b     LXI     HL,$7B21
295d: 2b           LDAX    (HL)
295e: 51           DCR     A
295f: 00           NOP     
2960: 3b           STAX    (HL)
2961: 70 69 21 7b  MOV     A,($7B21)
2965: 77 00        EQI     A,$00
2967: 40 8e 28     CALL    $288E
296a: 4f df        JRE     $294B
296c: 40 d2 0f     CALL    $0FD2
296f: 05 5d 7f     ANIW    VV:5D,$7F
2972: 69 00        MVI     A,$00
2974: 70 79 21 7b  MOV     ($7B21),A
2978: 40 c9 28     CALL    $28C9
297b: b8           RET     
297c: 40 0e 27     CALL    $270E
297f: 34 2c 47     LXI     HL,$472C
2982: 70 3e 4e 5a  SHLD    $5A4E
2986: 40 b9 30     CALL    $30B9
2989: 34 00 00     LXI     HL,$0000
298c: 70 3e 56 5a  SHLD    $5A56
2990: 40 d9 29     CALL    $29D9
2993: b8           RET     
2994: 6a 7f        MVI     B,$7F
2996: 69 41        MVI     A,$41
2998: 48 2e        MUL     B
299a: 34 5a 5a     LXI     HL,$5A5A
299d: 74 c7        DADD    EA,HL
299f: b7           DMOV    HL,EA
29a0: 69 80        MVI     A,$80
29a2: 3b           STAX    (HL)
29a3: 52           DCR     B
29a4: 4f f0        JRE     $2996
29a6: b8           RET     
29a7: 40 6f 0a     CALL    $0A6F
29aa: dd           JR      $29C8
29ab: c8           JR      $29B4
29ac: 01 28        LDAW    VV:28
29ae: 67 38        NEI     A,$38
29b0: 15 5c 10     ORIW    VV:5C,$10
29b3: b8           RET     
29b4: 45 5c 01     ONIW    VV:5C,$01
29b7: cc           JR      $29C4
29b8: 55 5d 04     OFFIW   VV:5D,$04
29bb: 40 a0 28     CALL    $28A0
29be: 05 5d fb     ANIW    VV:5D,$FB
29c1: 40 42 2e     CALL    $2E42
29c4: 05 5c fe     ANIW    VV:5C,$FE
29c7: b8           RET     
29c8: 40 d9 29     CALL    $29D9
29cb: b8           RET     
29cc: 45 5c 01     ONIW    VV:5C,$01
29cf: 40 d3 00     CALL    $00D3
29d2: 15 5c 01     ORIW    VV:5C,$01
29d5: 05 5c ef     ANIW    VV:5C,$EF
29d8: b8           RET     
29d9: 34 00 40     LXI     HL,$4000
29dc: 2b           LDAX    (HL)
29dd: 1a           MOV     B,A
29de: 16 ff        XRI     A,$FF
29e0: 3b           STAX    (HL)
29e1: 2b           LDAX    (HL)
29e2: 16 ff        XRI     A,$FF
29e4: 60 fa        EQA     A,B
29e6: cb           JR      $29F2
29e7: 3b           STAX    (HL)
29e8: 34 00 00     LXI     HL,$0000
29eb: 69 00        MVI     A,$00
29ed: 40 93 30     CALL    $3093
29f0: 67 ff        NEI     A,$FF
29f2: b8           RET     
29f3: b9           RETS    
29f4: 40 6f 0a     CALL    $0A6F
29f7: d0           JR      $2A08
29f8: c3           JR      $29FC
29f9: 54 52 0d     JMP     $0D52
29fc: 40 52 0d     CALL    $0D52
29ff: 07 7f        ANI     A,$7F
2a01: 77 00        EQI     A,$00
2a03: b8           RET     
2a04: 05 5c fd     ANIW    VV:5C,$FD
2a07: b8           RET     
2a08: 40 52 0d     CALL    $0D52
2a0b: 07 7f        ANI     A,$7F
2a0d: 77 00        EQI     A,$00
2a0f: b8           RET     
2a10: 15 5c 02     ORIW    VV:5C,$02
2a13: b8           RET     
2a14: 40 52 0d     CALL    $0D52
2a17: 07 7f        ANI     A,$7F
2a19: 67 00        NEI     A,$00
2a1b: c5           JR      $2A21
2a1c: 77 01        EQI     A,$01
2a1e: b8           RET     
2a1f: 69 40        MVI     A,$40
2a21: 63 60        STAW    VV:60
2a23: b8           RET     
2a24: 40 52 0d     CALL    $0D52
2a27: 07 7f        ANI     A,$7F
2a29: 37 40        LTI     A,$40
2a2b: b8           RET     
2a2c: 15 5c 40     ORIW    VV:5C,$40
2a2f: 63 67        STAW    VV:67
2a31: b8           RET     
2a32: 40 52 0d     CALL    $0D52
2a35: 19           MOV     EAL,A
2a36: 40 52 0d     CALL    $0D52
2a39: 18           MOV     EAH,A
2a3a: 57 80        OFFI    A,$80
2a3c: b8           RET     
2a3d: 55 5c 01     OFFIW   VV:5C,$01
2a40: 55 5d 04     OFFIW   VV:5D,$04
2a43: b8           RET     
2a44: 40 63 30     CALL    $3063
2a47: 70 2f 0e 80  LDED    $800E
2a4b: 22           INX     DE
2a4c: 74 be        DLT     EA,DE
2a4e: b8           RET     
2a4f: 70 2f 10 80  LDED    $8010
2a53: 74 be        DLT     EA,DE
2a55: c1           JR      $2A57
2a56: b8           RET     
2a57: b4           PUSH    EA
2a58: 40 42 2e     CALL    $2E42
2a5b: a4           POP     EA
2a5c: b7           DMOV    HL,EA
2a5d: 70 3e 16 80  SHLD    $8016
2a61: 70 3e 18 80  SHLD    $8018
2a65: b8           RET     
2a66: 40 52 0d     CALL    $0D52
2a69: 19           MOV     EAL,A
2a6a: 40 52 0d     CALL    $0D52
2a6d: 18           MOV     EAH,A
2a6e: 55 5c 01     OFFIW   VV:5C,$01
2a71: 55 5d 04     OFFIW   VV:5D,$04
2a74: b8           RET     
2a75: b4           PUSH    EA
2a76: 70 3f 56 5a  LHLD    $5A56
2a7a: a7           DMOV    EA,HL
2a7b: 48 a4        DSLL    EA
2a7d: b7           DMOV    HL,EA
2a7e: 48 a4        DSLL    EA
2a80: 74 c7        DADD    EA,HL
2a82: 70 3f 16 80  LHLD    $8016
2a86: 74 c7        DADD    EA,HL
2a88: b7           DMOV    HL,EA
2a89: a4           POP     EA
2a8a: 40 63 30     CALL    $3063
2a8d: 74 c7        DADD    EA,HL
2a8f: 54 47 2a     JMP     $2A47
2a92: 40 52 0d     CALL    $0D52
2a95: 07 0f        ANI     A,$0F
2a97: 67 00        NEI     A,$00
2a99: 4e 0d        JRE     $2AA8
2a9b: 67 01        NEI     A,$01
2a9d: 4e 0e        JRE     $2AAD
2a9f: 67 02        NEI     A,$02
2aa1: 4e 16        JRE     $2AB9
2aa3: 67 03        NEI     A,$03
2aa5: 4e 1e        JRE     $2AC5
2aa7: b8           RET     
2aa8: 69 00        MVI     A,$00
2aaa: 63 5d        STAW    VV:5D
2aac: b8           RET     
2aad: 55 5d 01     OFFIW   VV:5D,$01
2ab0: c7           JR      $2AB8
2ab1: 40 d2 0f     CALL    $0FD2
2ab4: 69 01        MVI     A,$01
2ab6: 63 5d        STAW    VV:5D
2ab8: b8           RET     
2ab9: 55 5d 02     OFFIW   VV:5D,$02
2abc: c7           JR      $2AC4
2abd: 40 d2 0f     CALL    $0FD2
2ac0: 69 02        MVI     A,$02
2ac2: 63 5d        STAW    VV:5D
2ac4: b8           RET     
2ac5: 55 5d 04     OFFIW   VV:5D,$04
2ac8: ca           JR      $2AD3
2ac9: 40 d2 0f     CALL    $0FD2
2acc: 40 0e 27     CALL    $270E
2acf: 69 04        MVI     A,$04
2ad1: 63 5d        STAW    VV:5D
2ad3: b8           RET     
2ad4: 40 52 0d     CALL    $0D52
2ad7: 07 7f        ANI     A,$7F
2ad9: 77 00        EQI     A,$00
2adb: b8           RET     
2adc: 40 52 0d     CALL    $0D52
2adf: 1d           MOV     E,A
2ae0: 40 52 0d     CALL    $0D52
2ae3: 1c           MOV     D,A
2ae4: 60 2d        GTA     E,A
2ae6: c1           JR      $2AE8
2ae7: b8           RET     
2ae8: 0d           MOV     A,E
2ae9: 63 28        STAW    VV:28
2aeb: 37 80        LTI     A,$80
2aed: b8           RET     
2aee: 6b 41        MVI     C,$41
2af0: 48 2f        MUL     C
2af2: 14 5a 5a     LXI     BC,$5A5A
2af5: 74 c5        DADD    EA,BC
2af7: b7           DMOV    HL,EA
2af8: 70 3e 54 5a  SHLD    $5A54
2afc: 01 60        LDAW    VV:60
2afe: 3d           STAX    (HL+)
2aff: 40 3c 30     CALL    $303C
2b02: 05 61 53     ANIW    VV:61,$53
2b05: 55 61 02     OFFIW   VV:61,$02
2b08: 05 61 fe     ANIW    VV:61,$FE
2b0b: 01 61        LDAW    VV:61
2b0d: 3d           STAX    (HL+)
2b0e: 40 52 0d     CALL    $0D52
2b11: 37 15        LTI     A,$15
2b13: 69 14        MVI     A,$14
2b15: 3d           STAX    (HL+)
2b16: b0           PUSH    VA
2b17: 40 52 0d     CALL    $0D52
2b1a: 37 15        LTI     A,$15
2b1c: 69 14        MVI     A,$14
2b1e: 3d           STAX    (HL+)
2b1f: 1a           MOV     B,A
2b20: a0           POP     VA
2b21: 60 c2        ADD     A,B
2b23: b0           PUSH    VA
2b24: 40 52 0d     CALL    $0D52
2b27: 1a           MOV     B,A
2b28: a0           POP     VA
2b29: 74 5a 80     OFFI    B,$80
2b2c: c7           JR      $2B34
2b2d: 74 3a 15     LTI     B,$15
2b30: 6a 14        MVI     B,$14
2b32: 4e 05        JRE     $2B39
2b34: 48 3a        NEGA    
2b36: 60 ba        LTA     A,B
2b38: 1a           MOV     B,A
2b39: 0a           MOV     A,B
2b3a: 3d           STAX    (HL+)
2b3b: 70 3e 4c 5a  SHLD    $5A4C
2b3f: 33           DCX     HL
2b40: 33           DCX     HL
2b41: 2b           LDAX    (HL)
2b42: 1b           MOV     C,A
2b43: 60 43        ADD     C,A
2b45: 60 43        ADD     C,A
2b47: 53           DCR     C
2b48: c1           JR      $2B4A
2b49: cd           JR      $2B57
2b4a: 40 52 0d     CALL    $0D52
2b4d: 70 3f 4c 5a  LHLD    $5A4C
2b51: 3d           STAX    (HL+)
2b52: 70 3e 4c 5a  SHLD    $5A4C
2b56: f0           JR      $2B47
2b57: 0d           MOV     A,E
2b58: 60 6c        NEA     D,A
2b5a: b8           RET     
2b5b: 41           INR     A
2b5c: 00           NOP     
2b5d: 1d           MOV     E,A
2b5e: 4f 88        JRE     $2AE8
2b60: 40 3c 30     CALL    $303C
2b63: 45 5c 02     ONIW    VV:5C,$02
2b66: c4           JR      $2B6B
2b67: 05 28 7f     ANIW    VV:28,$7F
2b6a: b8           RET     
2b6b: 40 c8 0a     CALL    $0AC8
2b6e: 45 28 80     ONIW    VV:28,$80
2b71: c6           JR      $2B78
2b72: 05 28 7f     ANIW    VV:28,$7F
2b75: 15 61 40     ORIW    VV:61,$40
2b78: 40 24 33     CALL    $3324
2b7b: 40 7b 0b     CALL    $0B7B
2b7e: b8           RET     
2b7f: b1           PUSH    BC
2b80: b3           PUSH    HL
2b81: 63 28        STAW    VV:28
2b83: 65 28 20     NEIW    VV:28,$20
2b86: d8           JR      $2B9F
2b87: 40 f8 2e     CALL    $2EF8
2b8a: c4           JR      $2B8F
2b8b: 40 96 2f     CALL    $2F96
2b8e: c6           JR      $2B95
2b8f: 40 21 2c     CALL    $2C21
2b92: 01 5f        LDAW    VV:5F
2b94: ca           JR      $2B9F
2b95: 40 16 2c     CALL    $2C16
2b98: 63 5e        STAW    VV:5E
2b9a: 63 5f        STAW    VV:5F
2b9c: 40 3c 2c     CALL    $2C3C
2b9f: a3           POP     HL
2ba0: a1           POP     BC
2ba1: b8           RET     
2ba2: 71 66 06     MVIW    VV:66,$06
2ba5: 40 60 2b     CALL    $2B60
2ba8: 55 5d 04     OFFIW   VV:5D,$04
2bab: 54 2f 27     JMP     $272F
2bae: 40 4d 2c     CALL    $2C4D
2bb1: ca           JR      $2BBC
2bb2: 40 f8 2e     CALL    $2EF8
2bb5: c6           JR      $2BBC
2bb6: 40 96 2f     CALL    $2F96
2bb9: 40 fb 2b     CALL    $2BFB
2bbc: 40 21 2c     CALL    $2C21
2bbf: 70 2f 56 5a  LDED    $5A56
2bc3: 70 3f 58 5a  LHLD    $5A58
2bc7: b3           PUSH    HL
2bc8: b2           PUSH    DE
2bc9: 40 66 2c     CALL    $2C66
2bcc: 74 c7        DADD    EA,HL
2bce: 74 c7        DADD    EA,HL
2bd0: b7           DMOV    HL,EA
2bd1: 74 c7        DADD    EA,HL
2bd3: 70 3f 16 80  LHLD    $8016
2bd7: 74 c7        DADD    EA,HL
2bd9: 70 3f 0e 80  LHLD    $800E
2bdd: 32           INX     HL
2bde: 74 bf        DLT     EA,HL
2be0: c5           JR      $2BE6
2be1: a2           POP     DE
2be2: a3           POP     HL
2be3: 54 99 2c     JMP     $2C99
2be6: a2           POP     DE
2be7: a3           POP     HL
2be8: 70 3e 58 5a  SHLD    $5A58
2bec: 70 2e 56 5a  SDED    $5A56
2bf0: 15 5d 80     ORIW    VV:5D,$80
2bf3: 40 d2 0f     CALL    $0FD2
2bf6: 05 5d 7f     ANIW    VV:5D,$7F
2bf9: 4f c4        JRE     $2BBF
2bfb: 40 16 2c     CALL    $2C16
2bfe: 40 07 2c     CALL    $2C07
2c01: 3c           STAX    (DE+)
2c02: 69 00        MVI     A,$00
2c04: 3c           STAX    (DE+)
2c05: 3a           STAX    (DE)
2c06: b8           RET     
2c07: 24 dd 7a     LXI     DE,$7ADD
2c0a: 70 2e 4c 5a  SDED    $5A4C
2c0e: 24 da 7a     LXI     DE,$7ADA
2c11: 70 2e 54 5a  SDED    $5A54
2c15: b8           RET     
2c16: 45 61 02     ONIW    VV:61,$02
2c19: 45 61 01     ONIW    VV:61,$01
2c1c: 69 0c        MVI     A,$0C
2c1e: 69 0a        MVI     A,$0A
2c20: b8           RET     
2c21: 70 3f 54 5a  LHLD    $5A54
2c25: 2d           LDAX    (HL+)
2c26: 1a           MOV     B,A
2c27: 2d           LDAX    (HL+)
2c28: 60 42        ADD     B,A
2c2a: 0a           MOV     A,B
2c2b: 63 5e        STAW    VV:5E
2c2d: 2b           LDAX    (HL)
2c2e: 60 c2        ADD     A,B
2c30: 63 5f        STAW    VV:5F
2c32: 01 28        LDAW    VV:28
2c34: 77 20        EQI     A,$20
2c36: c5           JR      $2C3C
2c37: 55 5d 80     OFFIW   VV:5D,$80
2c3a: 4e 10        JRE     $2C4C
2c3c: 45 61 80     ONIW    VV:61,$80
2c3f: cc           JR      $2C4C
2c40: 01 5e        LDAW    VV:5E
2c42: 48 25        SLL     A
2c44: 63 5e        STAW    VV:5E
2c46: 01 5f        LDAW    VV:5F
2c48: 48 25        SLL     A
2c4a: 63 5f        STAW    VV:5F
2c4c: b8           RET     
2c4d: 01 28        LDAW    VV:28
2c4f: 67 20        NEI     A,$20
2c51: 45 5d 04     ONIW    VV:5D,$04
2c54: b9           RETS    
2c55: 34 da 7a     LXI     HL,$7ADA
2c58: 70 3e 54 5a  SHLD    $5A54
2c5c: 69 00        MVI     A,$00
2c5e: 3d           STAX    (HL+)
2c5f: 01 66        LDAW    VV:66
2c61: 3d           STAX    (HL+)
2c62: 69 00        MVI     A,$00
2c64: 3b           STAX    (HL)
2c65: b8           RET     
2c66: 01 5f        LDAW    VV:5F
2c68: 74 a8 5e     GTAW    VV:5E
2c6b: 4e 13        JRE     $2C80
2c6d: 01 5f        LDAW    VV:5F
2c6f: 70 3f 58 5a  LHLD    $5A58
2c73: a7           DMOV    EA,HL
2c74: 70 41        EADD    EA,A
2c76: b7           DMOV    HL,EA
2c77: 70 3e 56 5a  SHLD    $5A56
2c7b: 70 3e 58 5a  SHLD    $5A58
2c7f: b8           RET     
2c80: 01 5f        LDAW    VV:5F
2c82: 70 3f 58 5a  LHLD    $5A58
2c86: a7           DMOV    EA,HL
2c87: 70 41        EADD    EA,A
2c89: b5           DMOV    BC,EA
2c8a: 70 1e 58 5a  SBCD    $5A58
2c8e: 01 5e        LDAW    VV:5E
2c90: a7           DMOV    EA,HL
2c91: 70 41        EADD    EA,A
2c93: b7           DMOV    HL,EA
2c94: 70 3e 56 5a  SHLD    $5A56
2c98: b8           RET     
2c99: 70 3f 4e 5a  LHLD    $5A4E
2c9d: 70 2f 54 5a  LDED    $5A54
2ca1: 2a           LDAX    (DE)
2ca2: 40 f3 2c     CALL    $2CF3
2ca5: 01 28        LDAW    VV:28
2ca7: 77 20        EQI     A,$20
2ca9: 4e 19        JRE     $2CC4
2cab: 70 3f 4e 5a  LHLD    $5A4E
2caf: 70 2f 54 5a  LDED    $5A54
2cb3: 22           INX     DE
2cb4: 2a           LDAX    (DE)
2cb5: 1a           MOV     B,A
2cb6: 55 5d 04     OFFIW   VV:5D,$04
2cb9: c5           JR      $2CBF
2cba: 55 61 80     OFFIW   VV:61,$80
2cbd: 48 26        SLL     B
2cbf: 40 19 2d     CALL    $2D19
2cc2: 4e 20        JRE     $2CE4
2cc4: 70 3f 4c 5a  LHLD    $5A4C
2cc8: a7           DMOV    EA,HL
2cc9: 70 2f 54 5a  LDED    $5A54
2ccd: 74 e6        DSUB    EA,DE
2ccf: b7           DMOV    HL,EA
2cd0: 22           INX     DE
2cd1: 2a           LDAX    (DE)
2cd2: 44 00 00     LXI     EA,$0000
2cd5: 70 41        EADD    EA,A
2cd7: 70 41        EADD    EA,A
2cd9: 70 41        EADD    EA,A
2cdb: 74 bf        DLT     EA,HL
2cdd: c1           JR      $2CDF
2cde: c5           JR      $2CE4
2cdf: 40 5f 2d     CALL    $2D5F
2ce2: 4f e0        JRE     $2CC4
2ce4: 70 3f 4e 5a  LHLD    $5A4E
2ce8: 70 2f 54 5a  LDED    $5A54
2cec: 22           INX     DE
2ced: 22           INX     DE
2cee: 2a           LDAX    (DE)
2cef: 40 f3 2c     CALL    $2CF3
2cf2: b8           RET     
2cf3: 57 80        OFFI    A,$80
2cf5: 4e 0a        JRE     $2D01
2cf7: 1a           MOV     B,A
2cf8: 55 61 80     OFFIW   VV:61,$80
2cfb: 48 26        SLL     B
2cfd: 40 19 2d     CALL    $2D19
2d00: b8           RET     
2d01: 48 3a        NEGA    
2d03: 1a           MOV     B,A
2d04: 48 25        SLL     A
2d06: 60 c2        ADD     A,B
2d08: 55 61 80     OFFIW   VV:61,$80
2d0b: 48 25        SLL     A
2d0d: a7           DMOV    EA,HL
2d0e: 70 61        ESUB    EA,A
2d10: b7           DMOV    HL,EA
2d11: 70 3e 4e 5a  SHLD    $5A4E
2d15: 40 50 2d     CALL    $2D50
2d18: b8           RET     
2d19: 52           DCR     B
2d1a: c1           JR      $2D1C
2d1b: b8           RET     
2d1c: 2b           LDAX    (HL)
2d1d: b0           PUSH    VA
2d1e: 55 61 08     OFFIW   VV:61,$08
2d21: 74 98 62     ORAW    VV:62
2d24: 3d           STAX    (HL+)
2d25: a0           POP     VA
2d26: 63 62        STAW    VV:62
2d28: 2b           LDAX    (HL)
2d29: b0           PUSH    VA
2d2a: 55 61 08     OFFIW   VV:61,$08
2d2d: 74 98 63     ORAW    VV:63
2d30: 3d           STAX    (HL+)
2d31: a0           POP     VA
2d32: 63 63        STAW    VV:63
2d34: 2b           LDAX    (HL)
2d35: b0           PUSH    VA
2d36: 55 61 08     OFFIW   VV:61,$08
2d39: 74 98 64     ORAW    VV:64
2d3c: 1b           MOV     C,A
2d3d: 55 61 20     OFFIW   VV:61,$20
2d40: 69 40        MVI     A,$40
2d42: 69 00        MVI     A,$00
2d44: 60 9b        ORA     A,C
2d46: 3d           STAX    (HL+)
2d47: 70 3e 4e 5a  SHLD    $5A4E
2d4b: a0           POP     VA
2d4c: 63 64        STAW    VV:64
2d4e: 4f c9        JRE     $2D19
2d50: 70 3f 4e 5a  LHLD    $5A4E
2d54: 33           DCX     HL
2d55: 2f           LDAX    (HL-)
2d56: 63 64        STAW    VV:64
2d58: 2f           LDAX    (HL-)
2d59: 63 63        STAW    VV:63
2d5b: 2b           LDAX    (HL)
2d5c: 63 62        STAW    VV:62
2d5e: b8           RET     
2d5f: 45 61 10     ONIW    VV:61,$10
2d62: 4e 27        JRE     $2D8B
2d64: 55 61 04     OFFIW   VV:61,$04
2d67: 4e 22        JRE     $2D8B
2d69: 70 3f 4c 5a  LHLD    $5A4C
2d6d: 2b           LDAX    (HL)
2d6e: 18           MOV     EAH,A
2d6f: af 01        LDAX    (HL+$01)
2d71: 19           MOV     EAL,A
2d72: 69 00        MVI     A,$00
2d74: 48 a0        DSLR    EA
2d76: 48 31        RLR     A
2d78: 48 a0        DSLR    EA
2d7a: 48 31        RLR     A
2d7c: 48 a0        DSLR    EA
2d7e: 48 31        RLR     A
2d80: 48 a0        DSLR    EA
2d82: 48 31        RLR     A
2d84: bf 02        STAX    (HL+$02)
2d86: 08           MOV     A,EAH
2d87: 3b           STAX    (HL)
2d88: 09           MOV     A,EAL
2d89: bf 01        STAX    (HL+$01)
2d8b: 6c aa        MVI     D,$AA
2d8d: 40 f7 2d     CALL    $2DF7
2d90: 40 ea 2d     CALL    $2DEA
2d93: 00           NOP     
2d94: 34 4e 5a     LXI     HL,$5A4E
2d97: 48 83        LDEAX   (HL)
2d99: a8           INX     EA
2d9a: 48 93        STEAX   (HL)
2d9c: 6c 55        MVI     D,$55
2d9e: 40 f7 2d     CALL    $2DF7
2da1: 40 ea 2d     CALL    $2DEA
2da4: 00           NOP     
2da5: 34 4c 5a     LXI     HL,$5A4C
2da8: 48 83        LDEAX   (HL)
2daa: a8           INX     EA
2dab: a8           INX     EA
2dac: 48 93        STEAX   (HL)
2dae: 34 4e 5a     LXI     HL,$5A4E
2db1: 48 83        LDEAX   (HL)
2db3: a8           INX     EA
2db4: 48 93        STEAX   (HL)
2db6: 70 3f 4c 5a  LHLD    $5A4C
2dba: 2b           LDAX    (HL)
2dbb: 45 61 08     ONIW    VV:61,$08
2dbe: c9           JR      $2DC8
2dbf: b0           PUSH    VA
2dc0: 74 98 64     ORAW    VV:64
2dc3: 1a           MOV     B,A
2dc4: a0           POP     VA
2dc5: 63 64        STAW    VV:64
2dc7: 0a           MOV     A,B
2dc8: 55 61 20     OFFIW   VV:61,$20
2dcb: 17 40        ORI     A,$40
2dcd: 70 3f 4e 5a  LHLD    $5A4E
2dd1: 3b           STAX    (HL)
2dd2: 40 ea 2d     CALL    $2DEA
2dd5: c6           JR      $2DDC
2dd6: 55 61 20     OFFIW   VV:61,$20
2dd9: 17 40        ORI     A,$40
2ddb: 3b           STAX    (HL)
2ddc: 32           INX     HL
2ddd: 70 3e 4e 5a  SHLD    $5A4E
2de1: 34 4c 5a     LXI     HL,$5A4C
2de4: 48 83        LDEAX   (HL)
2de6: a8           INX     EA
2de7: 48 93        STEAX   (HL)
2de9: b8           RET     
2dea: 45 61 80     ONIW    VV:61,$80
2ded: b8           RET     
2dee: 70 3f 4e 5a  LHLD    $5A4E
2df2: 2d           LDAX    (HL+)
2df3: 32           INX     HL
2df4: 32           INX     HL
2df5: 3b           STAX    (HL)
2df6: b9           RETS    
2df7: 70 3f 4c 5a  LHLD    $5A4C
2dfb: 2d           LDAX    (HL+)
2dfc: 18           MOV     EAH,A
2dfd: 2b           LDAX    (HL)
2dfe: 19           MOV     EAL,A
2dff: 34 b6 05     LXI     HL,$05B6
2e02: 08           MOV     A,EAH
2e03: 74 5c 80     OFFI    D,$80
2e06: 48 21        SLR     A
2e08: 07 7f        ANI     A,$7F
2e0a: ac           LDAX    (HL+A)
2e0b: 07 f0        ANI     A,$F0
2e0d: 1a           MOV     B,A
2e0e: 09           MOV     A,EAL
2e0f: 74 5c 80     OFFI    D,$80
2e12: 48 21        SLR     A
2e14: 07 7f        ANI     A,$7F
2e16: ac           LDAX    (HL+A)
2e17: 48 21        SLR     A
2e19: 48 21        SLR     A
2e1b: 48 21        SLR     A
2e1d: 48 21        SLR     A
2e1f: 60 1a        ORA     B,A
2e21: 70 3f 4e 5a  LHLD    $5A4E
2e25: 2b           LDAX    (HL)
2e26: 60 9a        ORA     A,B
2e28: 3b           STAX    (HL)
2e29: 45 61 08     ONIW    VV:61,$08
2e2c: b8           RET     
2e2d: 70 1f 4e 5a  LBCD    $5A4E
2e31: 29           LDAX    (BC)
2e32: 1d           MOV     E,A
2e33: 74 4c 80     ONI     D,$80
2e36: 34 63 80     LXI     HL,$8063
2e39: 34 62 80     LXI     HL,$8062
2e3c: 70 9b        ORAX    (HL)
2e3e: 39           STAX    (BC)
2e3f: 0d           MOV     A,E
2e40: 3b           STAX    (HL)
2e41: b8           RET     
2e42: b3           PUSH    HL
2e43: b1           PUSH    BC
2e44: 70 3f 16 80  LHLD    $8016
2e48: a7           DMOV    EA,HL
2e49: 69 06        MVI     A,$06
2e4b: 70 41        EADD    EA,A
2e4d: 70 3f 0e 80  LHLD    $800E
2e51: 32           INX     HL
2e52: 74 bf        DLT     EA,HL
2e54: 4e 64        JRE     $2EBA
2e56: 40 80 30     CALL    $3080
2e59: 4e 5f        JRE     $2EBA
2e5b: 34 2c 47     LXI     HL,$472C
2e5e: 70 3e 50 5a  SHLD    $5A50
2e62: 34 2e 47     LXI     HL,$472E
2e65: 70 3e 52 5a  SHLD    $5A52
2e69: 40 d2 30     CALL    $30D2
2e6c: 15 5c 04     ORIW    VV:5C,$04
2e6f: 40 e2 10     CALL    $10E2
2e72: 40 39 25     CALL    $2539
2e75: 70 3f 1a 80  LHLD    $801A
2e79: 70 3e 18 80  SHLD    $8018
2e7d: 70 3e 16 80  SHLD    $8016
2e81: 40 80 30     CALL    $3080
2e84: 4e 34        JRE     $2EBA
2e86: 34 2d 47     LXI     HL,$472D
2e89: 70 3e 50 5a  SHLD    $5A50
2e8d: 34 2e 47     LXI     HL,$472E
2e90: 70 3e 52 5a  SHLD    $5A52
2e94: 40 d2 30     CALL    $30D2
2e97: 05 5c fb     ANIW    VV:5C,$FB
2e9a: 34 2c 47     LXI     HL,$472C
2e9d: 70 3e 4e 5a  SHLD    $5A4E
2ea1: 34 00 00     LXI     HL,$0000
2ea4: 70 3e 56 5a  SHLD    $5A56
2ea8: 70 3e 58 5a  SHLD    $5A58
2eac: 40 b9 30     CALL    $30B9
2eaf: 69 00        MVI     A,$00
2eb1: 63 62        STAW    VV:62
2eb3: 63 63        STAW    VV:63
2eb5: 63 64        STAW    VV:64
2eb7: 40 f9 10     CALL    $10F9
2eba: a1           POP     BC
2ebb: a3           POP     HL
2ebc: b8           RET     
2ebd: 40 7b 31     CALL    $317B
2ec0: 40 3b 32     CALL    $323B
2ec3: 40 ca 2e     CALL    $2ECA
2ec6: 40 01 32     CALL    $3201
2ec9: b8           RET     
2eca: 44 00 00     LXI     EA,$0000
2ecd: 70 3f 55 80  LHLD    $8055
2ed1: 74 ef        DNE     EA,HL
2ed3: b8           RET     
2ed4: 70 3f 50 5a  LHLD    $5A50
2ed8: 2d           LDAX    (HL+)
2ed9: 18           MOV     EAH,A
2eda: 32           INX     HL
2edb: 32           INX     HL
2edc: 70 3e 50 5a  SHLD    $5A50
2ee0: 70 3f 52 5a  LHLD    $5A52
2ee4: 2d           LDAX    (HL+)
2ee5: 55 5c 04     OFFIW   VV:5C,$04
2ee8: 48 25        SLL     A
2eea: 07 80        ANI     A,$80
2eec: 19           MOV     EAL,A
2eed: 32           INX     HL
2eee: 32           INX     HL
2eef: 70 3e 52 5a  SHLD    $5A52
2ef3: 40 af 32     CALL    $32AF
2ef6: 4f d2        JRE     $2ECA
2ef8: 45 5c 02     ONIW    VV:5C,$02
2efb: b9           RETS    
2efc: 01 28        LDAW    VV:28
2efe: 6b 41        MVI     C,$41
2f00: 48 2f        MUL     C
2f02: 14 5a 5a     LXI     BC,$5A5A
2f05: 74 c5        DADD    EA,BC
2f07: b7           DMOV    HL,EA
2f08: 2d           LDAX    (HL+)
2f09: 74 f8 60     EQAW    VV:60
2f0c: b9           RETS    
2f0d: 2d           LDAX    (HL+)
2f0e: 1a           MOV     B,A
2f0f: 01 61        LDAW    VV:61
2f11: 07 53        ANI     A,$53
2f13: 57 02        OFFI    A,$02
2f15: 07 fe        ANI     A,$FE
2f17: 60 fa        EQA     A,B
2f19: b9           RETS    
2f1a: 40 07 2c     CALL    $2C07
2f1d: 2d           LDAX    (HL+)
2f1e: 3c           STAX    (DE+)
2f1f: 2d           LDAX    (HL+)
2f20: 3c           STAX    (DE+)
2f21: 1b           MOV     C,A
2f22: 2d           LDAX    (HL+)
2f23: 55 5c 40     OFFIW   VV:5C,$40
2f26: 74 c0 67     ADDW    VV:67
2f29: 3c           STAX    (DE+)
2f2a: 0b           MOV     A,C
2f2b: 48 25        SLL     A
2f2d: 60 43        ADD     C,A
2f2f: 53           DCR     C
2f30: c1           JR      $2F32
2f31: b8           RET     
2f32: 2d           LDAX    (HL+)
2f33: 3c           STAX    (DE+)
2f34: fa           JR      $2F2F
2f35: 01 61        LDAW    VV:61
2f37: b0           PUSH    VA
2f38: 15 61 04     ORIW    VV:61,$04
2f3b: 05 61 57     ANIW    VV:61,$57
2f3e: 55 61 02     OFFIW   VV:61,$02
2f41: 05 61 fe     ANIW    VV:61,$FE
2f44: 45 61 10     ONIW    VV:61,$10
2f47: c6           JR      $2F4E
2f48: 15 61 02     ORIW    VV:61,$02
2f4b: 05 61 fe     ANIW    VV:61,$FE
2f4e: 34 00 00     LXI     HL,$0000
2f51: 69 00        MVI     A,$00
2f53: 40 93 30     CALL    $3093
2f56: 1a           MOV     B,A
2f57: 6b 00        MVI     C,$00
2f59: 69 08        MVI     A,$08
2f5b: 48 2f        MUL     C
2f5d: 69 01        MVI     A,$01
2f5f: 70 41        EADD    EA,A
2f61: b7           DMOV    HL,EA
2f62: 69 00        MVI     A,$00
2f64: 40 93 30     CALL    $3093
2f67: 74 e8 60     NEAW    VV:60
2f6a: c7           JR      $2F72
2f6b: 43           INR     C
2f6c: 0b           MOV     A,C
2f6d: 60 ea        NEA     A,B
2f6f: d3           JR      $2F83
2f70: 4f e7        JRE     $2F59
2f72: 69 00        MVI     A,$00
2f74: 32           INX     HL
2f75: 40 93 30     CALL    $3093
2f78: 74 f8 61     EQAW    VV:61
2f7b: 4f ee        JRE     $2F6B
2f7d: a0           POP     VA
2f7e: 63 61        STAW    VV:61
2f80: 63 65        STAW    VV:65
2f82: b9           RETS    
2f83: a0           POP     VA
2f84: 55 5c 20     OFFIW   VV:5C,$20
2f87: b8           RET     
2f88: 15 5c 20     ORIW    VV:5C,$20
2f8b: 01 65        LDAW    VV:65
2f8d: 67 00        NEI     A,$00
2f8f: 69 04        MVI     A,$04
2f91: 63 61        STAW    VV:61
2f93: 54 37 2f     JMP     $2F37
2f96: 55 5c 02     OFFIW   VV:5C,$02
2f99: b8           RET     
2f9a: 40 ea 2f     CALL    $2FEA
2f9d: b8           RET     
2f9e: b0           PUSH    VA
2f9f: 40 07 2c     CALL    $2C07
2fa2: 40 93 30     CALL    $3093
2fa5: 1a           MOV     B,A
2fa6: 3c           STAX    (DE+)
2fa7: a0           POP     VA
2fa8: 40 6f 30     CALL    $306F
2fab: b0           PUSH    VA
2fac: 40 93 30     CALL    $3093
2faf: 37 15        LTI     A,$15
2fb1: 69 14        MVI     A,$14
2fb3: 60 42        ADD     B,A
2fb5: 3c           STAX    (DE+)
2fb6: 1b           MOV     C,A
2fb7: a0           POP     VA
2fb8: 40 6f 30     CALL    $306F
2fbb: b0           PUSH    VA
2fbc: 40 93 30     CALL    $3093
2fbf: 55 61 10     OFFIW   VV:61,$10
2fc2: 55 61 02     OFFIW   VV:61,$02
2fc5: c9           JR      $2FCF
2fc6: 45 61 01     ONIW    VV:61,$01
2fc9: 69 0c        MVI     A,$0C
2fcb: 69 0a        MVI     A,$0A
2fcd: 60 e2        SUB     A,B
2fcf: 55 5c 40     OFFIW   VV:5C,$40
2fd2: 74 c0 67     ADDW    VV:67
2fd5: 3c           STAX    (DE+)
2fd6: 0b           MOV     A,C
2fd7: 1b           MOV     C,A
2fd8: 60 43        ADD     C,A
2fda: 60 43        ADD     C,A
2fdc: 53           DCR     C
2fdd: c2           JR      $2FE0
2fde: a0           POP     VA
2fdf: b9           RETS    
2fe0: a0           POP     VA
2fe1: 40 6f 30     CALL    $306F
2fe4: b0           PUSH    VA
2fe5: 40 93 30     CALL    $3093
2fe8: 3c           STAX    (DE+)
2fe9: f2           JR      $2FDC
2fea: 40 35 2f     CALL    $2F35
2fed: b8           RET     
2fee: 69 00        MVI     A,$00
2ff0: 32           INX     HL
2ff1: 40 93 30     CALL    $3093
2ff4: 19           MOV     EAL,A
2ff5: 69 00        MVI     A,$00
2ff7: 32           INX     HL
2ff8: 40 93 30     CALL    $3093
2ffb: 18           MOV     EAH,A
2ffc: 69 00        MVI     A,$00
2ffe: 32           INX     HL
2fff: 40 93 30     CALL    $3093
3002: b0           PUSH    VA
3003: b7           DMOV    HL,EA
3004: 01 28        LDAW    VV:28
3006: 44 00 00     LXI     EA,$0000
3009: 70 41        EADD    EA,A
300b: 70 41        EADD    EA,A
300d: 70 41        EADD    EA,A
300f: a0           POP     VA
3010: 77 00        EQI     A,$00
3012: c5           JR      $3018
3013: 74 a7        DADDNC  EA,HL
3015: 69 01        MVI     A,$01
3017: c2           JR      $301A
3018: 74 c7        DADD    EA,HL
301a: b7           DMOV    HL,EA
301b: b0           PUSH    VA
301c: 40 93 30     CALL    $3093
301f: 19           MOV     EAL,A
3020: a0           POP     VA
3021: 40 6f 30     CALL    $306F
3024: b0           PUSH    VA
3025: 40 93 30     CALL    $3093
3028: 18           MOV     EAH,A
3029: a0           POP     VA
302a: 40 6f 30     CALL    $306F
302d: 40 93 30     CALL    $3093
3030: b7           DMOV    HL,EA
3031: 77 00        EQI     A,$00
3033: c7           JR      $303B
3034: 60 fe        EQA     A,H
3036: c4           JR      $303B
3037: 60 ff        EQA     A,L
3039: c1           JR      $303B
303a: b8           RET     
303b: b9           RETS    
303c: b0           PUSH    VA
303d: 01 01        LDAW    VV:01
303f: 07 03        ANI     A,$03
3041: 55 07 20     OFFIW   VV:07,$20
3044: 17 04        ORI     A,$04
3046: 55 01 80     OFFIW   VV:01,$80
3049: 17 10        ORI     A,$10
304b: 55 5b 10     OFFIW   VV:5B,$10
304e: 17 40        ORI     A,$40
3050: 55 07 80     OFFIW   VV:07,$80
3053: 17 80        ORI     A,$80
3055: 55 07 40     OFFIW   VV:07,$40
3058: 17 20        ORI     A,$20
305a: 55 01 08     OFFIW   VV:01,$08
305d: 17 08        ORI     A,$08
305f: 63 61        STAW    VV:61
3061: a0           POP     VA
3062: b8           RET     
3063: b2           PUSH    DE
3064: 48 a4        DSLL    EA
3066: 48 a4        DSLL    EA
3068: b6           DMOV    DE,EA
3069: 48 a4        DSLL    EA
306b: 74 c6        DADD    EA,DE
306d: a2           POP     DE
306e: b8           RET     
306f: b4           PUSH    EA
3070: 77 00        EQI     A,$00
3072: ca           JR      $307D
3073: 44 01 00     LXI     EA,$0001
3076: 74 a7        DADDNC  EA,HL
3078: 69 01        MVI     A,$01
307a: b7           DMOV    HL,EA
307b: a4           POP     EA
307c: b8           RET     
307d: 32           INX     HL
307e: a4           POP     EA
307f: b8           RET     
3080: 70 3f 56 5a  LHLD    $5A56
3084: a7           DMOV    EA,HL
3085: 48 a4        DSLL    EA
3087: b7           DMOV    HL,EA
3088: 70 3e 1b 7b  SHLD    $7B1B
308c: 44 00 00     LXI     EA,$0000
308f: 74 ef        DNE     EA,HL
3091: b8           RET     
3092: b9           RETS    
3093: b1           PUSH    BC
3094: b2           PUSH    DE
3095: 24 01 c8     LXI     DE,$C801
3098: 1a           MOV     B,A
3099: 69 1c        MVI     A,$1C
309b: 3e           STAX    (DE-)
309c: 0e           MOV     A,H
309d: 3c           STAX    (DE+)
309e: 69 14        MVI     A,$14
30a0: 3a           STAX    (DE)
30a1: 69 18        MVI     A,$18
30a3: 60 9a        ORA     A,B
30a5: 3e           STAX    (DE-)
30a6: 0f           MOV     A,L
30a7: 3c           STAX    (DE+)
30a8: 69 10        MVI     A,$10
30aa: 60 9a        ORA     A,B
30ac: 3a           STAX    (DE)
30ad: 0a           MOV     A,B
30ae: 3a           STAX    (DE)
30af: 00           NOP     
30b0: 2a           LDAX    (DE)
30b1: 1a           MOV     B,A
30b2: 69 08        MVI     A,$08
30b4: 3a           STAX    (DE)
30b5: 0a           MOV     A,B
30b6: a2           POP     DE
30b7: a1           POP     BC
30b8: b8           RET     
30b9: b3           PUSH    HL
30ba: b2           PUSH    DE
30bb: b1           PUSH    BC
30bc: b0           PUSH    VA
30bd: 69 00        MVI     A,$00
30bf: 34 2c 47     LXI     HL,$472C
30c2: 24 2c 47     LXI     DE,$472C
30c5: 3c           STAX    (DE+)
30c6: 14 1f 13     LXI     BC,$131F
30c9: 53           DCR     C
30ca: 31           BLOCK   
30cb: 52           DCR     B
30cc: fd           JR      $30CA
30cd: a0           POP     VA
30ce: a1           POP     BC
30cf: a2           POP     DE
30d0: a3           POP     HL
30d1: b8           RET     
30d2: 71 2c 06     MVIW    VV:2C,$06
30d5: 71 31 02     MVIW    VV:31,$02
30d8: 71 57 01     MVIW    VV:57,$01
30db: 55 5c 10     OFFIW   VV:5C,$10
30de: 4e 0e        JRE     $30EE
30e0: 71 2b 22     MVIW    VV:2B,$22
30e3: 05 52 fe     ANIW    VV:52,$FE
30e6: 34 16 34     LXI     HL,$3416
30e9: 40 0e 35     CALL    $350E
30ec: 4e 0c        JRE     $30FA
30ee: 71 2b 02     MVIW    VV:2B,$02
30f1: 15 52 01     ORIW    VV:52,$01
30f4: 34 38 34     LXI     HL,$3438
30f7: 40 0e 35     CALL    $350E
30fa: 15 06 20     ORIW    VV:06,$20
30fd: 40 bd 2e     CALL    $2EBD
3100: 05 06 df     ANIW    VV:06,$DF
3103: 05 52 fe     ANIW    VV:52,$FE
3106: b8           RET     
3107: 70 3f 1b 7b  LHLD    $7B1B
310b: 44 00 00     LXI     EA,$0000
310e: 74 ff        DEQ     EA,HL
3110: c6           JR      $3117
3111: 15 02 0a     ORIW    VV:02,$0A
3114: 54 7a 31     JMP     $317A
3117: 40 1c 33     CALL    $331C
311a: 45 04 80     ONIW    VV:04,$80
311d: c2           JR      $3120
311e: 4e 3d        JRE     $315D
3120: 15 04 80     ORIW    VV:04,$80
3123: 70 3f 6d 80  LHLD    $806D
3127: 44 00 40     LXI     EA,$4000
312a: ae           LDAX    (HL+EA)
312b: 1a           MOV     B,A
312c: a7           DMOV    EA,HL
312d: 69 08        MVI     A,$08
312f: 48 3d        DIV     A
3131: 34 60 46     LXI     HL,$4660
3134: 1b           MOV     C,A
3135: ae           LDAX    (HL+EA)
3136: 1c           MOV     D,A
3137: 34 04 33     LXI     HL,$3304
313a: 0b           MOV     A,C
313b: ac           LDAX    (HL+A)
313c: 16 ff        XRI     A,$FF
313e: 60 9c        ORA     A,D
3140: 77 ff        EQI     A,$FF
3142: 69 7f        MVI     A,$7F
3144: 1b           MOV     C,A
3145: 70 1e 45 97  SBCD    $9745
3149: 34 6d 80     LXI     HL,$806D
314c: 48 83        LDEAX   (HL)
314e: a8           INX     EA
314f: 48 93        STEAX   (HL)
3151: 34 47 97     LXI     HL,$9747
3154: 48 83        LDEAX   (HL)
3156: a8           INX     EA
3157: 48 93        STEAX   (HL)
3159: 40 1c 33     CALL    $331C
315c: cc           JR      $3169
315d: 34 1b 7b     LXI     HL,$7B1B
3160: 48 83        LDEAX   (HL)
3162: a9           DCX     EA
3163: a9           DCX     EA
3164: 48 93        STEAX   (HL)
3166: 05 04 7f     ANIW    VV:04,$7F
3169: 05 06 7f     ANIW    VV:06,$7F
316c: 34 45 97     LXI     HL,$9745
316f: 48 83        LDEAX   (HL)
3171: 24 ff ff     LXI     DE,$FFFF
3174: 74 fe        DEQ     EA,DE
3176: 15 06 80     ORIW    VV:06,$80
3179: b6           DMOV    DE,EA
317a: b8           RET     
317b: 40 c4 31     CALL    $31C4
317e: 34 00 00     LXI     HL,$0000
3181: 70 3e 22 80  SHLD    $8022
3185: 70 3f 0e 80  LHLD    $800E
3189: a7           DMOV    EA,HL
318a: 70 3f 18 80  LHLD    $8018
318e: 74 e7        DSUB    EA,HL
3190: 01 2c        LDAW    VV:2C
3192: 48 3d        DIV     A
3194: 70 3f 1b 7b  LHLD    $7B1B
3198: 70 3e 55 80  SHLD    $8055
319c: 55 06 20     OFFIW   VV:06,$20
319f: 48 a4        DSLL    EA
31a1: 40 1c 33     CALL    $331C
31a4: 48 a0        DSLR    EA
31a6: 74 bf        DLT     EA,HL
31a8: d2           JR      $31BB
31a9: b6           DMOV    DE,EA
31aa: 70 2e 1b 7b  SDED    $7B1B
31ae: 70 2e 55 80  SDED    $8055
31b2: a7           DMOV    EA,HL
31b3: 74 e6        DSUB    EA,DE
31b5: b7           DMOV    HL,EA
31b6: 70 3e 22 80  SHLD    $8022
31ba: b8           RET     
31bb: 70 3f 16 80  LHLD    $8016
31bf: 70 3e 18 80  SHLD    $8018
31c3: b8           RET     
31c4: 55 5c 04     OFFIW   VV:5C,$04
31c7: b8           RET     
31c8: 55 5d 01     OFFIW   VV:5D,$01
31cb: c5           JR      $31D1
31cc: 55 5d 02     OFFIW   VV:5D,$02
31cf: c3           JR      $31D3
31d0: b8           RET     
31d1: 69 02        MVI     A,$02
31d3: 69 01        MVI     A,$01
31d5: 70 3f 0e 80  LHLD    $800E
31d9: 70 2f 56 5a  LDED    $5A56
31dd: a6           DMOV    EA,DE
31de: 48 a4        DSLL    EA
31e0: b6           DMOV    DE,EA
31e1: 48 a4        DSLL    EA
31e3: 74 c6        DADD    EA,DE
31e5: 70 2f 16 80  LDED    $8016
31e9: 74 c6        DADD    EA,DE
31eb: b6           DMOV    DE,EA
31ec: a7           DMOV    EA,HL
31ed: 74 e6        DSUB    EA,DE
31ef: 48 3d        DIV     A
31f1: 70 3f 16 80  LHLD    $8016
31f5: 74 c7        DADD    EA,HL
31f7: b7           DMOV    HL,EA
31f8: 70 3e 16 80  SHLD    $8016
31fc: 70 3e 18 80  SHLD    $8018
3200: b8           RET     
3201: 70 3f 18 80  LHLD    $8018
3205: 70 3e 1a 80  SHLD    $801A
3209: 70 2f 1b 7b  LDED    $7B1B
320d: 45 06 20     ONIW    VV:06,$20
3210: c4           JR      $3215
3211: a6           DMOV    EA,DE
3212: 48 a0        DSLR    EA
3214: b6           DMOV    DE,EA
3215: 40 1c 33     CALL    $331C
3218: c1           JR      $321A
3219: c4           JR      $321E
321a: a6           DMOV    EA,DE
321b: 48 a4        DSLL    EA
321d: b6           DMOV    DE,EA
321e: a7           DMOV    EA,HL
321f: 01 2c        LDAW    VV:2C
3221: 51           DCR     A
3222: 74 c6        DADD    EA,DE
3224: 51           DCR     A
3225: fc           JR      $3222
3226: b6           DMOV    DE,EA
3227: 70 2e 1c 80  SDED    $801C
322b: 40 5f 32     CALL    $325F
322e: 70 3f 1c 80  LHLD    $801C
3232: 70 3e 16 80  SHLD    $8016
3236: 70 3e 18 80  SHLD    $8018
323a: b8           RET     
323b: 05 02 fd     ANIW    VV:02,$FD
323e: 34 00 00     LXI     HL,$0000
3241: 70 3e 0c 80  SHLD    $800C
3245: 33           DCX     HL
3246: 70 3e 24 80  SHLD    $8024
324a: 32           INX     HL
324b: 70 3e 47 97  SHLD    $9747
324f: 45 06 20     ONIW    VV:06,$20
3252: cb           JR      $325E
3253: 34 00 00     LXI     HL,$0000
3256: 70 3e 6b 80  SHLD    $806B
325a: 70 3e 6d 80  SHLD    $806D
325e: b8           RET     
325f: 70 3f 1b 7b  LHLD    $7B1B
3263: b3           PUSH    HL
3264: 40 3b 32     CALL    $323B
3267: 55 02 80     OFFIW   VV:02,$80
326a: fc           JR      $3267
326b: 15 02 80     ORIW    VV:02,$80
326e: 40 39 25     CALL    $2539
3271: 40 e0 0d     CALL    $0DE0
3274: 34 a0 03     LXI     HL,$03A0
3277: 70 3e 70 80  SHLD    $8070
327b: 34 07 31     LXI     HL,$3107
327e: 70 3e 80 80  SHLD    $8080
3282: 40 ed 25     CALL    $25ED
3285: 01 26        LDAW    VV:26
3287: 1a           MOV     B,A
3288: 01 57        LDAW    VV:57
328a: 48 2e        MUL     B
328c: 01 31        LDAW    VV:31
328e: 48 3d        DIV     A
3290: 63 4a        STAW    VV:4A
3292: 01 2b        LDAW    VV:2B
3294: 40 56 26     CALL    $2656
3297: 40 f2 0d     CALL    $0DF2
329a: 15 06 02     ORIW    VV:06,$02
329d: 40 24 38     CALL    $3824
32a0: 05 06 fd     ANIW    VV:06,$FD
32a3: 40 f9 0d     CALL    $0DF9
32a6: a3           POP     HL
32a7: 70 3e 1b 7b  SHLD    $7B1B
32ab: 05 02 7f     ANIW    VV:02,$7F
32ae: b8           RET     
32af: 45 52 01     ONIW    VV:52,$01
32b2: c6           JR      $32B9
32b3: 70 3f 24 80  LHLD    $8024
32b7: 74 8f        DAN     EA,HL
32b9: 34 ff ff     LXI     HL,$FFFF
32bc: 74 97        DXR     EA,HL
32be: b7           DMOV    HL,EA
32bf: 70 3e 24 80  SHLD    $8024
32c3: b1           PUSH    BC
32c4: b2           PUSH    DE
32c5: b5           DMOV    BC,EA
32c6: 70 3f 6b 80  LHLD    $806B
32ca: 44 00 40     LXI     EA,$4000
32cd: 0a           MOV     A,B
32ce: be           STAX    (HL+EA)
32cf: 40 0c 33     CALL    $330C
32d2: 74 7b ff     EQI     C,$FF
32d5: c3           JR      $32D9
32d6: 60 9c        ORA     A,D
32d8: c6           JR      $32DF
32d9: 6e ff        MVI     H,$FF
32db: 60 96        XRA     A,H
32dd: 60 8c        ANA     A,D
32df: 34 60 46     LXI     HL,$4660
32e2: be           STAX    (HL+EA)
32e3: 70 3f 6b 80  LHLD    $806B
32e7: 32           INX     HL
32e8: 70 3e 6b 80  SHLD    $806B
32ec: a2           POP     DE
32ed: a1           POP     BC
32ee: ba           DI      
32ef: 70 3f 47 97  LHLD    $9747
32f3: 32           INX     HL
32f4: aa           EI      
32f5: 70 3e 47 97  SHLD    $9747
32f9: 70 3f 55 80  LHLD    $8055
32fd: 33           DCX     HL
32fe: 33           DCX     HL
32ff: 70 3e 55 80  SHLD    $8055
3303: b8           RET     
3304: 01 02        LDAW    VV:02
3306: 04 08 10     LXI     SP,$1008
3309: 20 40        INRW    VV:40
330b: 80           CALT    ($0080)
330c: a7           DMOV    EA,HL
330d: 69 08        MVI     A,$08
330f: 48 3d        DIV     A
3311: 34 60 46     LXI     HL,$4660
3314: 1a           MOV     B,A
3315: ae           LDAX    (HL+EA)
3316: 1c           MOV     D,A
3317: 34 04 33     LXI     HL,$3304
331a: ad           LDAX    (HL+B)
331b: b8           RET     
331c: 55 52 04     OFFIW   VV:52,$04
331f: 45 07 80     ONIW    VV:07,$80
3322: b9           RETS    
3323: b8           RET     
3324: 01 28        LDAW    VV:28
3326: 27 1f        GTI     A,$1F
3328: c7           JR      $3330
3329: 37 7f        LTI     A,$7F
332b: 69 04        MVI     A,$04
332d: 63 28        STAW    VV:28
332f: b8           RET     
3330: b3           PUSH    HL
3331: 34 39 33     LXI     HL,$3339
3334: ac           LDAX    (HL+A)
3335: a3           POP     HL
3336: 63 28        STAW    VV:28
3338: b8           RET     
3339: 85           CALT    ($008A)
333a: 8a           CALT    ($0094)
333b: 97           CALT    ($00AE)
333c: 95           CALT    ($00AA)
333d: 8d           CALT    ($009A)
333e: 01 9c        LDAW    VV:9C
3340: ad           LDAX    (HL+B)
3341: a8           INX     EA
3342: a5           DMOV    EA,BC
3343: a4           POP     EA
3344: 02           INX     SP
3345: 9e           CALT    ($00BC)
3346: 8f           CALT    ($009E)
3347: 86           CALT    ($008C)
3348: 87           CALT    ($008E)
3349: 15 03 92     ORIW    VV:03,$92
334c: 91           CALT    ($00A2)
334d: 04 05 06     LXI     SP,$0605
3350: 8e           CALT    ($009C)
3351: 99           CALT    ($00B2)
3352: 9a           CALT    ($00B4)
3353: 84           CALT    ($0088)
3354: 94           CALT    ($00A8)
3355: 81           CALT    ($0082)
3356: 90           CALT    ($00A0)
3357: 82           CALT    ($0084)
3358: 9d           CALT    ($00BA)
3359: 34 39 97     LXI     HL,$9739
335c: 44 da 33     LXI     EA,$33DA
335f: 48 95        STEAX   (HL++)
3361: 44 fa 33     LXI     EA,$33FA
3364: 48 95        STEAX   (HL++)
3366: 44 1c 34     LXI     EA,$341C
3369: 48 95        STEAX   (HL++)
336b: 44 3e 34     LXI     EA,$343E
336e: 48 95        STEAX   (HL++)
3370: b8           RET     
3371: 40 52 0d     CALL    $0D52
3374: 07 7f        ANI     A,$7F
3376: 67 00        NEI     A,$00
3378: 4e 60        JRE     $33DA
337a: 67 01        NEI     A,$01
337c: 4e 7c        JRE     $33FA
337e: 67 02        NEI     A,$02
3380: 4e 9a        JRE     $341C
3382: 67 03        NEI     A,$03
3384: 4e b8        JRE     $343E
3386: 67 04        NEI     A,$04
3388: 54 64 34     JMP     $3464
338b: 67 05        NEI     A,$05
338d: 54 8a 34     JMP     $348A
3390: 67 06        NEI     A,$06
3392: 54 b4 34     JMP     $34B4
3395: 67 07        NEI     A,$07
3397: 54 d8 34     JMP     $34D8
339a: 40 b5 33     CALL    $33B5
339d: b8           RET     
339e: 44 00 00     LXI     EA,$0000
33a1: 70 2f 53 80  LDED    $8053
33a5: 74 ee        DNE     EA,DE
33a7: cc           JR      $33B4
33a8: 40 52 0d     CALL    $0D52
33ab: 34 53 80     LXI     HL,$8053
33ae: 48 83        LDEAX   (HL)
33b0: a9           DCX     EA
33b1: 48 93        STEAX   (HL)
33b3: ea           JR      $339E
33b4: b8           RET     
33b5: 55 5d 04     OFFIW   VV:5D,$04
33b8: 55 5d 80     OFFIW   VV:5D,$80
33bb: c6           JR      $33C2
33bc: 40 a0 28     CALL    $28A0
33bf: 40 0e 27     CALL    $270E
33c2: 40 d3 00     CALL    $00D3
33c5: 40 52 0d     CALL    $0D52
33c8: 1f           MOV     L,A
33c9: 40 52 0d     CALL    $0D52
33cc: 07 7f        ANI     A,$7F
33ce: 1e           MOV     H,A
33cf: 70 3e 53 80  SHLD    $8053
33d3: 44 00 00     LXI     EA,$0000
33d6: 74 ef        DNE     EA,HL
33d8: b8           RET     
33d9: b9           RETS    
33da: 40 b5 33     CALL    $33B5
33dd: b8           RET     
33de: 71 2c 0c     MVIW    VV:2C,$0C
33e1: 71 31 01     MVIW    VV:31,$01
33e4: 71 57 01     MVIW    VV:57,$01
33e7: 71 2b 02     MVIW    VV:2B,$02
33ea: 05 52 fe     ANIW    VV:52,$FE
33ed: 34 f6 33     LXI     HL,$33F6
33f0: 40 0e 35     CALL    $350E
33f3: 54 27 37     JMP     $3727

; ---- DATA 33F6-33F9: graphics phase table for mode 0 ----
33f6: 01 00 00 00

; ---- CODE 33FA-3415 ----
33fa: 40 b5 33  CALL    $33B5
33fd: b8        RET     
33fe: 71 2c 06  MVIW    VV:2C,$06
3401: 71 31 02  MVIW    VV:31,$02
3404: 71 57 01  MVIW    VV:57,$01
3407: 71 2b 22  MVIW    VV:2B,$22
340a: 05 52 fe  ANIW    VV:52,$FE
340d: 34 16 34  LXI     HL,$3416
3410: 40 0e 35  CALL    $350E
3413: 54 27 37  JMP     $3727

; ---- DATA 3416-341B: graphics phase table for mode 1 ----
3416: 01 00 41 03 00 00

; ---- CODE 341C-3437 ----
341c: 40 b5 33  CALL    $33B5
341f: b8        RET     
3420: 71 2c 06  MVIW    VV:2C,$06
3423: 71 31 02  MVIW    VV:31,$02
3426: 71 57 01  MVIW    VV:57,$01
3429: 71 2b 02  MVIW    VV:2B,$02
342c: 15 52 01  ORIW    VV:52,$01
342f: 34 38 34  LXI     HL,$3438
3432: 40 0e 35  CALL    $350E
3435: 54 27 37  JMP     $3727

; ---- DATA 3438-343D: graphics phase table for mode 2 ----
3438: 01 00 a0 01 00 00

; ---- CODE 343E-3459 ----
343e: 40 b5 33  CALL    $33B5
3441: b8        RET     
3442: 71 2c 03  MVIW    VV:2C,$03
3445: 71 31 04  MVIW    VV:31,$04
3448: 71 57 01  MVIW    VV:57,$01
344b: 71 2b 22  MVIW    VV:2B,$22
344e: 15 52 01  ORIW    VV:52,$01
3451: 34 5a 34  LXI     HL,$345A
3454: 40 0e 35  CALL    $350E
3457: 54 27 37  JMP     $3727

; ---- DATA 345A-3463: graphics phase table for mode 3 ----
345a: 01 00 a0 01 41 03 e2 04 00 00

; ---- CODE 3464-347F ----
3464: 40 b5 33  CALL    $33B5
3467: b8        RET     
3468: 71 2c 09  MVIW    VV:2C,$09
346b: 71 31 04  MVIW    VV:31,$04
346e: 71 57 03  MVIW    VV:57,$03
3471: 71 2b 22  MVIW    VV:2B,$22
3474: 05 52 fe  ANIW    VV:52,$FE
3477: 34 80 34  LXI     HL,$3480
347a: 40 0e 35  CALL    $350E
347d: 54 27 37  JMP     $3727

; ---- DATA 3480-3489: graphics phase table for mode 4 ----
3480: 01 00 07 05 5a 03 ad 01 00 00

; ---- CODE 348A-34A5 ----
348a: 40 b5 33  CALL    $33B5
348d: b8        RET     
348e: 71 2c 0a  MVIW    VV:2C,$0A
3491: 71 31 06  MVIW    VV:31,$06
3494: 71 57 05  MVIW    VV:57,$05
3497: 71 2b 12  MVIW    VV:2B,$12
349a: 05 52 fe  ANIW    VV:52,$FE
349d: 34 a6 34  LXI     HL,$34A6
34a0: 40 0e 35  CALL    $350E
34a3: 54 27 37  JMP     $3727

; ---- DATA 34A6-34B3: graphics phase table for mode 5 ----
34a6: 01 00 e8 03 20 03 58 02 90 01 c8 00 00 00

; ---- CODE 34B4-34CF ----
34b4: 40 b5 33  CALL    $33B5
34b7: b8        RET     
34b8: 71 2c 08  MVIW    VV:2C,$08
34bb: 71 31 03  MVIW    VV:31,$03
34be: 71 57 02  MVIW    VV:57,$02
34c1: 71 2b 22  MVIW    VV:2B,$22
34c4: 05 52 fe  ANIW    VV:52,$FE
34c7: 34 d0 34  LXI     HL,$34D0
34ca: 40 0e 35  CALL    $350E
34cd: 54 27 37  JMP     $3727

; ---- DATA 34D0-34D7: graphics phase table for mode 6 ----
34d0: 01 00 4c 04 2b 02 00 00

; ---- CODE 34D8-34F3 ----
34d8: 40 b5 33  CALL    $33B5
34db: b8        RET     
34dc: 71 2c 05  MVIW    VV:2C,$05
34df: 71 31 0c  MVIW    VV:31,$0C
34e2: 71 57 05  MVIW    VV:57,$05
34e5: 71 2b 32  MVIW    VV:2B,$32
34e8: 05 52 fe  ANIW    VV:52,$FE
34eb: 34 f4 34  LXI     HL,$34F4
34ee: 40 0e 35  CALL    $350E
34f1: 54 27 37  JMP     $3727

; ---- DATA 34F4-350D: graphics phase table for mode 7 ----
34f4: 01 00 80 03 00 07 1a 02 99 05 b3 00 33 04 59 07
3504: cd 02 4d 06 66 01 e6 04 00 00

; ---- CODE 350E-38FE ----
350e: 24 32 80     LXI     DE,$8032
3511: 14 00 00     LXI     BC,$0000
3514: 48 85        LDEAX   (HL++)
3516: 74 ed        DNE     EA,BC
3518: c3           JR      $351C
3519: 48 94        STEAX   (DE++)
351b: f8           JR      $3514
351c: b8           RET     
351d: 40 52 0d     CALL    $0D52
3520: 07 7f        ANI     A,$7F
3522: 67 00        NEI     A,$00
3524: 4e 20        JRE     $3546
3526: 67 01        NEI     A,$01
3528: 4e 37        JRE     $3561
352a: 67 02        NEI     A,$02
352c: 4e 4e        JRE     $357C
352e: 67 03        NEI     A,$03
3530: 4e 65        JRE     $3597
3532: 40 39 35     CALL    $3539
3535: b8           RET     
3536: 54 9e 33     JMP     $339E
3539: 40 b5 33     CALL    $33B5
353c: b8           RET     
353d: a7           DMOV    EA,HL
353e: 48 a4        DSLL    EA
3540: b7           DMOV    HL,EA
3541: 70 3e 53 80  SHLD    $8053
3545: b9           RETS    
3546: 40 39 35     CALL    $3539
3549: b8           RET     
354a: 71 2c 0c     MVIW    VV:2C,$0C
354d: 71 31 01     MVIW    VV:31,$01
3550: 71 57 01     MVIW    VV:57,$01
3553: 71 2b 02     MVIW    VV:2B,$02
3556: 05 52 fe     ANIW    VV:52,$FE
3559: 34 f6 33     LXI     HL,$33F6
355c: 40 0e 35     CALL    $350E
355f: 4e 4f        JRE     $35B0
3561: 40 39 35     CALL    $3539
3564: b8           RET     
3565: 71 2c 06     MVIW    VV:2C,$06
3568: 71 31 02     MVIW    VV:31,$02
356b: 71 57 01     MVIW    VV:57,$01
356e: 71 2b 22     MVIW    VV:2B,$22
3571: 05 52 fe     ANIW    VV:52,$FE
3574: 34 16 34     LXI     HL,$3416
3577: 40 0e 35     CALL    $350E
357a: 4e 34        JRE     $35B0
357c: 40 39 35     CALL    $3539
357f: b8           RET     
3580: 71 2c 06     MVIW    VV:2C,$06
3583: 71 31 02     MVIW    VV:31,$02
3586: 71 57 01     MVIW    VV:57,$01
3589: 71 2b 02     MVIW    VV:2B,$02
358c: 15 52 01     ORIW    VV:52,$01
358f: 34 38 34     LXI     HL,$3438
3592: 40 0e 35     CALL    $350E
3595: 4e 19        JRE     $35B0
3597: 40 39 35     CALL    $3539
359a: b8           RET     
359b: 71 2c 03     MVIW    VV:2C,$03
359e: 71 31 04     MVIW    VV:31,$04
35a1: 71 57 01     MVIW    VV:57,$01
35a4: 71 2b 22     MVIW    VV:2B,$22
35a7: 15 52 01     ORIW    VV:52,$01
35aa: 34 5a 34     LXI     HL,$345A
35ad: 40 0e 35     CALL    $350E
35b0: 15 06 20     ORIW    VV:06,$20
35b3: 40 27 37     CALL    $3727
35b6: 05 06 df     ANIW    VV:06,$DF
35b9: b8           RET     
35ba: 70 3f 53 80  LHLD    $8053
35be: 44 00 00     LXI     EA,$0000
35c1: 74 ff        DEQ     EA,HL
35c3: cf           JR      $35D3
35c4: 40 95 26     CALL    $2695
35c7: 15 02 0a     ORIW    VV:02,$0A
35ca: 70 3f 16 80  LHLD    $8016
35ce: 70 3e 18 80  SHLD    $8018
35d2: b9           RETS    
35d3: 40 23 39     CALL    $3923
35d6: 45 04 80     ONIW    VV:04,$80
35d9: c2           JR      $35DC
35da: 4e 2f        JRE     $360B
35dc: 70 1f 47 97  LBCD    $9747
35e0: 74 ed        DNE     EA,BC
35e2: e1           JR      $35C4
35e3: 15 04 80     ORIW    VV:04,$80
35e6: 70 2f 43 97  LDED    $9743
35ea: 48 84        LDEAX   (DE++)
35ec: b5           DMOV    BC,EA
35ed: 70 1e 45 97  SBCD    $9745
35f1: 44 39 97     LXI     EA,$9739
35f4: 74 ae        DGT     EA,DE
35f6: 24 ab 94     LXI     DE,$94AB
35f9: 70 2e 43 97  SDED    $9743
35fd: 70 1f 47 97  LBCD    $9747
3601: 13           DCX     BC
3602: 13           DCX     BC
3603: 70 1e 47 97  SBCD    $9747
3607: 40 23 39     CALL    $3923
360a: c9           JR      $3614
360b: 33           DCX     HL
360c: 33           DCX     HL
360d: 70 3e 53 80  SHLD    $8053
3611: 05 04 7f     ANIW    VV:04,$7F
3614: 05 06 7f     ANIW    VV:06,$7F
3617: 34 45 97     LXI     HL,$9745
361a: 48 83        LDEAX   (HL)
361c: 24 ff ff     LXI     DE,$FFFF
361f: 74 fe        DEQ     EA,DE
3621: 15 06 80     ORIW    VV:06,$80
3624: b6           DMOV    DE,EA
3625: 34 16 80     LXI     HL,$8016
3628: 01 2c        LDAW    VV:2C
362a: 48 83        LDEAX   (HL)
362c: 70 41        EADD    EA,A
362e: 48 93        STEAX   (HL)
3630: b8           RET     
3631: 70 3f 53 80  LHLD    $8053
3635: 44 00 00     LXI     EA,$0000
3638: 74 ff        DEQ     EA,HL
363a: cf           JR      $364A
363b: 40 95 26     CALL    $2695
363e: 15 02 0a     ORIW    VV:02,$0A
3641: 70 3f 16 80  LHLD    $8016
3645: 70 3e 18 80  SHLD    $8018
3649: b8           RET     
364a: 40 23 39     CALL    $3923
364d: 45 04 80     ONIW    VV:04,$80
3650: c2           JR      $3653
3651: 4e 2c        JRE     $367F
3653: 70 1f 47 97  LBCD    $9747
3657: 74 ed        DNE     EA,BC
3659: e1           JR      $363B
365a: 15 04 80     ORIW    VV:04,$80
365d: 70 2f 43 97  LDED    $9743
3661: 2c           LDAX    (DE+)
3662: 14 45 97     LXI     BC,$9745
3665: 39           STAX    (BC)
3666: 44 39 97     LXI     EA,$9739
3669: 74 ae        DGT     EA,DE
366b: 24 ab 94     LXI     DE,$94AB
366e: 70 2e 43 97  SDED    $9743
3672: 70 1f 47 97  LBCD    $9747
3676: 13           DCX     BC
3677: 70 1e 47 97  SBCD    $9747
367b: 40 23 39     CALL    $3923
367e: cc           JR      $368B
367f: 33           DCX     HL
3680: 70 3e 53 80  SHLD    $8053
3684: 05 04 7f     ANIW    VV:04,$7F
3687: 34 45 97     LXI     HL,$9745
368a: 2b           LDAX    (HL)
368b: 05 06 7f     ANIW    VV:06,$7F
368e: 77 ff        EQI     A,$FF
3690: 15 06 80     ORIW    VV:06,$80
3693: 1c           MOV     D,A
3694: 6d ff        MVI     E,$FF
3696: 34 16 80     LXI     HL,$8016
3699: 01 2c        LDAW    VV:2C
369b: 48 83        LDEAX   (HL)
369d: 70 41        EADD    EA,A
369f: 48 93        STEAX   (HL)
36a1: b8           RET     
36a2: 70 3f 16 80  LHLD    $8016
36a6: a7           DMOV    EA,HL
36a7: 01 2c        LDAW    VV:2C
36a9: 40 23 39     CALL    $3923
36ac: 48 25        SLL     A
36ae: 70 41        EADD    EA,A
36b0: 70 3f 0e 80  LHLD    $800E
36b4: 74 af        DGT     EA,HL
36b6: c7           JR      $36BE
36b7: 40 d2 0f     CALL    $0FD2
36ba: 55 02 80     OFFIW   VV:02,$80
36bd: fc           JR      $36BA
36be: 34 00 00     LXI     HL,$0000
36c1: 70 3e 22 80  SHLD    $8022
36c5: 70 3f 0e 80  LHLD    $800E
36c9: a7           DMOV    EA,HL
36ca: 70 3f 18 80  LHLD    $8018
36ce: 74 e7        DSUB    EA,HL
36d0: 01 2c        LDAW    VV:2C
36d2: 48 3d        DIV     A
36d4: 70 3f 53 80  LHLD    $8053
36d8: 70 3e 55 80  SHLD    $8055
36dc: 55 06 20     OFFIW   VV:06,$20
36df: 48 a4        DSLL    EA
36e1: 40 23 39     CALL    $3923
36e4: 48 a0        DSLR    EA
36e6: 74 bf        DLT     EA,HL
36e8: 4e 31        JRE     $371B
36ea: b6           DMOV    DE,EA
36eb: 70 2e 53 80  SDED    $8053
36ef: 70 2e 55 80  SDED    $8055
36f3: a7           DMOV    EA,HL
36f4: 74 e6        DSUB    EA,DE
36f6: b7           DMOV    HL,EA
36f7: 70 3e 22 80  SHLD    $8022
36fb: b8           RET     
36fc: 70 3f 22 80  LHLD    $8022
3700: 44 00 00     LXI     EA,$0000
3703: 74 ef        DNE     EA,HL
3705: d5           JR      $371B
3706: 70 3f 0e 80  LHLD    $800E
370a: 70 3e 16 80  SHLD    $8016
370e: 40 da 0c     CALL    $0CDA
3711: fc           JR      $370E
3712: 34 22 80     LXI     HL,$8022
3715: 48 83        LDEAX   (HL)
3717: a9           DCX     EA
3718: 48 93        STEAX   (HL)
371a: e1           JR      $36FC
371b: 15 52 80     ORIW    VV:52,$80
371e: 70 3f 16 80  LHLD    $8016
3722: 70 3e 18 80  SHLD    $8018
3726: b8           RET     
3727: 40 a2 36     CALL    $36A2
372a: 40 b3 37     CALL    $37B3
372d: 55 06 20     OFFIW   VV:06,$20
3730: 40 6d 38     CALL    $386D
3733: 40 d3 37     CALL    $37D3
3736: 70 3f 18 80  LHLD    $8018
373a: 70 3e 1a 80  SHLD    $801A
373e: 70 2f 53 80  LDED    $8053
3742: 45 06 20     ONIW    VV:06,$20
3745: c4           JR      $374A
3746: a6           DMOV    EA,DE
3747: 48 a0        DSLR    EA
3749: b6           DMOV    DE,EA
374a: 40 23 39     CALL    $3923
374d: c1           JR      $374F
374e: c4           JR      $3753
374f: a6           DMOV    EA,DE
3750: 48 a4        DSLL    EA
3752: b6           DMOV    DE,EA
3753: a7           DMOV    EA,HL
3754: 01 2c        LDAW    VV:2C
3756: 51           DCR     A
3757: 74 c6        DADD    EA,DE
3759: 51           DCR     A
375a: fc           JR      $3757
375b: 55 02 80     OFFIW   VV:02,$80
375e: fc           JR      $375B
375f: 15 02 80     ORIW    VV:02,$80
3762: b6           DMOV    DE,EA
3763: 70 2e 1c 80  SDED    $801C
3767: 40 39 25     CALL    $2539
376a: 40 e0 0d     CALL    $0DE0
376d: 34 a0 03     LXI     HL,$03A0
3770: 70 3e 70 80  SHLD    $8070
3774: 45 06 20     ONIW    VV:06,$20
3777: 34 31 36     LXI     HL,$3631
377a: 34 ba 35     LXI     HL,$35BA
377d: 70 3e 80 80  SHLD    $8080
3781: 40 ed 25     CALL    $25ED
3784: 01 26        LDAW    VV:26
3786: 1a           MOV     B,A
3787: 01 57        LDAW    VV:57
3789: 48 2e        MUL     B
378b: 01 31        LDAW    VV:31
378d: 48 3d        DIV     A
378f: 63 4a        STAW    VV:4A
3791: 01 2b        LDAW    VV:2B
3793: 40 56 26     CALL    $2656
3796: 40 f2 0d     CALL    $0DF2
3799: 40 21 38     CALL    $3821
379c: 05 02 7f     ANIW    VV:02,$7F
379f: 40 f9 0d     CALL    $0DF9
37a2: 05 02 fd     ANIW    VV:02,$FD
37a5: 70 3f 53 80  LHLD    $8053
37a9: 44 00 00     LXI     EA,$0000
37ac: 74 ff        DEQ     EA,HL
37ae: 4f 7d        JRE     $372D
37b0: 54 fc 36     JMP     $36FC
37b3: 05 02 fd     ANIW    VV:02,$FD
37b6: 34 00 00     LXI     HL,$0000
37b9: 70 3e 0c 80  SHLD    $800C
37bd: 33           DCX     HL
37be: 70 3e 24 80  SHLD    $8024
37c2: 32           INX     HL
37c3: 70 3e 47 97  SHLD    $9747
37c7: 34 ab 94     LXI     HL,$94AB
37ca: 70 3e 41 97  SHLD    $9741
37ce: 70 3e 43 97  SHLD    $9743
37d2: b8           RET     
37d3: 40 d8 37     CALL    $37D8
37d6: fc           JR      $37D3
37d7: b8           RET     
37d8: 70 3f 47 97  LHLD    $9747
37dc: 44 8e 02     LXI     EA,$028E
37df: 74 ef        DNE     EA,HL
37e1: b9           RETS    
37e2: 44 00 00     LXI     EA,$0000
37e5: 70 3f 55 80  LHLD    $8055
37e9: 74 ef        DNE     EA,HL
37eb: b9           RETS    
37ec: 40 da 0c     CALL    $0CDA
37ef: b8           RET     
37f0: 45 52 01     ONIW    VV:52,$01
37f3: c5           JR      $37F9
37f4: 01 24        LDAW    VV:24
37f6: 74 88 28     ANAW    VV:28
37f9: 16 ff        XRI     A,$FF
37fb: 63 24        STAW    VV:24
37fd: 70 3f 41 97  LHLD    $9741
3801: 3d           STAX    (HL+)
3802: 44 39 97     LXI     EA,$9739
3805: 74 af        DGT     EA,HL
3807: 34 ab 94     LXI     HL,$94AB
380a: 70 3e 41 97  SHLD    $9741
380e: ba           DI      
380f: 34 47 97     LXI     HL,$9747
3812: 48 83        LDEAX   (HL)
3814: a8           INX     EA
3815: aa           EI      
3816: 48 93        STEAX   (HL)
3818: 34 55 80     LXI     HL,$8055
381b: 48 83        LDEAX   (HL)
381d: a9           DCX     EA
381e: 48 93        STEAX   (HL)
3820: b8           RET     
3821: 15 06 10     ORIW    VV:06,$10
3824: 05 02 f7     ANIW    VV:02,$F7
3827: 69 00        MVI     A,$00
3829: 70 79 0a 80  MOV     ($800A),A
382d: 70 79 0b 80  MOV     ($800B),A
3831: 05 04 7f     ANIW    VV:04,$7F
3834: 70 1f 80 80  LBCD    $8080
3838: 48 29        CALB    
383a: a6           DMOV    EA,DE
383b: 11           EXX     
383c: b6           DMOV    DE,EA
383d: 11           EXX     
383e: 70 69 01 d0  MOV     A,($D001)
3842: 47 20        ONI     A,$20
3844: f9           JR      $383E
3845: 40 26 03     CALL    $0326
3848: 64 0f bf     ANI     MKL,$BF
384b: 70 69 01 d0  MOV     A,($D001)
384f: 57 80        OFFI    A,$80
3851: 54 c7 0e     JMP     $0EC7
3854: 55 06 02     OFFIW   VV:06,$02
3857: c8           JR      $3860
3858: 55 06 20     OFFIW   VV:06,$20
385b: cc           JR      $3868
385c: 40 d8 37     CALL    $37D8
385f: 00           NOP     
3860: 45 02 02     ONIW    VV:02,$02
3863: e7           JR      $384B
3864: 05 06 ef     ANIW    VV:06,$EF
3867: b8           RET     
3868: 40 72 38     CALL    $3872
386b: 00           NOP     
386c: f3           JR      $3860
386d: 40 72 38     CALL    $3872
3870: fc           JR      $386D
3871: b9           RETS    
3872: 70 3f 47 97  LHLD    $9747
3876: 44 8e 02     LXI     EA,$028E
3879: 74 ef        DNE     EA,HL
387b: b9           RETS    
387c: 44 00 00     LXI     EA,$0000
387f: 70 3f 55 80  LHLD    $8055
3883: 74 ef        DNE     EA,HL
3885: b9           RETS    
3886: 40 da 0c     CALL    $0CDA
3889: fc           JR      $3886
388a: 18           MOV     EAH,A
388b: 40 da 0c     CALL    $0CDA
388e: fc           JR      $388B
388f: 07 80        ANI     A,$80
3891: 19           MOV     EAL,A
3892: 45 52 01     ONIW    VV:52,$01
3895: c6           JR      $389C
3896: 70 3f 24 80  LHLD    $8024
389a: 74 8f        DAN     EA,HL
389c: 34 ff ff     LXI     HL,$FFFF
389f: 74 97        DXR     EA,HL
38a1: b7           DMOV    HL,EA
38a2: 70 3e 24 80  SHLD    $8024
38a6: 70 3f 41 97  LHLD    $9741
38aa: 48 95        STEAX   (HL++)
38ac: 44 39 97     LXI     EA,$9739
38af: 74 af        DGT     EA,HL
38b1: 34 ab 94     LXI     HL,$94AB
38b4: 70 3e 41 97  SHLD    $9741
38b8: ba           DI      
38b9: 34 47 97     LXI     HL,$9747
38bc: 48 83        LDEAX   (HL)
38be: a8           INX     EA
38bf: a8           INX     EA
38c0: aa           EI      
38c1: 48 93        STEAX   (HL)
38c3: 34 55 80     LXI     HL,$8055
38c6: 48 83        LDEAX   (HL)
38c8: a9           DCX     EA
38c9: a9           DCX     EA
38ca: 48 93        STEAX   (HL)
38cc: b8           RET     
38cd: 40 52 0d     CALL    $0D52
38d0: 07 7f        ANI     A,$7F
38d2: 67 4b        NEI     A,$4B
38d4: cc           JR      $38E1
38d5: 67 4c        NEI     A,$4C
38d7: cc           JR      $38E4
38d8: 67 59        NEI     A,$59
38da: cc           JR      $38E7
38db: 67 5a        NEI     A,$5A
38dd: cc           JR      $38EA
38de: 54 52 0d     JMP     $0D52
38e1: 34 39 97     LXI     HL,$9739
38e4: 34 3b 97     LXI     HL,$973B
38e7: 34 3d 97     LXI     HL,$973D
38ea: 34 3f 97     LXI     HL,$973F
38ed: 40 52 0d     CALL    $0D52
38f0: 37 08        LTI     A,$08
38f2: b8           RET     
38f3: a7           DMOV    EA,HL
38f4: b6           DMOV    DE,EA
38f5: 34 ff 38     LXI     HL,$38FF
38f8: 48 25        SLL     A
38fa: 48 8c        LDEAX   (HL+A)
38fc: 48 92        STEAX   (DE)
38fe: b8           RET     

; ---- DATA 38FF-390E: ESC ? graphics reassignment pointer table, 8 two-byte entries ----
38ff: da 33 fa 33 1c 34 3e 34 64 34 8a 34 b4 34 d8 34

; ---- CODE 390F-3D6B ----
390f: 70 1f 39 97  LBCD    $9739
3913: 21           JB      
3914: 70 1f 3b 97  LBCD    $973B
3918: 21           JB      
3919: 70 1f 3d 97  LBCD    $973D
391d: 21           JB      
391e: 70 1f 3f 97  LBCD    $973F
3922: 21           JB      
3923: 55 52 04     OFFIW   VV:52,$04
3926: 45 07 80     ONIW    VV:07,$80
3929: b9           RETS    
392a: b8           RET     
392b: b1           PUSH    BC
392c: 6b 09        MVI     C,$09
392e: 40 33 39     CALL    $3933
3931: a1           POP     BC
3932: b8           RET     
3933: 55 5b 20     OFFIW   VV:5B,$20
3936: db           JR      $3952
3937: b0           PUSH    VA
3938: 69 29        MVI     A,$29
393a: 40 fa 39     CALL    $39FA
393d: 69 7f        MVI     A,$7F
393f: 40 c4 39     CALL    $39C4
3942: 40 6a 39     CALL    $396A
3945: 53           DCR     C
3946: fb           JR      $3942
3947: 69 28        MVI     A,$28
3949: 40 fa 39     CALL    $39FA
394c: 69 80        MVI     A,$80
394e: 40 c4 39     CALL    $39C4
3951: a0           POP     VA
3952: b8           RET     
3953: 40 6a 39     CALL    $396A
3956: 53           DCR     C
3957: fb           JR      $3953
3958: b8           RET     
3959: b0           PUSH    VA
395a: b4           PUSH    EA
395b: b3           PUSH    HL
395c: 34 80 00     LXI     HL,$0080
395f: 44 00 00     LXI     EA,$0000
3962: 33           DCX     HL
3963: 74 ff        DEQ     EA,HL
3965: fc           JR      $3962
3966: a3           POP     HL
3967: a4           POP     EA
3968: a0           POP     VA
3969: b8           RET     
396a: b0           PUSH    VA
396b: b4           PUSH    EA
396c: b3           PUSH    HL
396d: 34 fb 04     LXI     HL,$04FB
3970: 44 00 00     LXI     EA,$0000
3973: 33           DCX     HL
3974: 74 ff        DEQ     EA,HL
3976: fc           JR      $3973
3977: a3           POP     HL
3978: a4           POP     EA
3979: a0           POP     VA
397a: b8           RET     
397b: b1           PUSH    BC
397c: 70 6a 01 d0  MOV     B,($D001)
3980: 74 5a 80     OFFI    B,$80
3983: 54 c7 0e     JMP     $0EC7
3986: 74 5a 0f     OFFI    B,$0F
3989: d1           JR      $399B
398a: 70 79 01 d0  MOV     ($D001),A
398e: 70 69 01 d0  MOV     A,($D001)
3992: 47 01        ONI     A,$01
3994: f9           JR      $398E
3995: 70 69 00 d0  MOV     A,($D000)
3999: a1           POP     BC
399a: b8           RET     
399b: 74 4a 01     ONI     B,$01
399e: 4f dc        JRE     $397C
39a0: 70 6a 00 d0  MOV     B,($D000)
39a4: 4f d6        JRE     $397C
39a6: b1           PUSH    BC
39a7: 70 6a 01 d0  MOV     B,($D001)
39ab: 74 5a 80     OFFI    B,$80
39ae: 54 c7 0e     JMP     $0EC7
39b1: 74 5a 0f     OFFI    B,$0F
39b4: c6           JR      $39BB
39b5: 70 79 00 d0  MOV     ($D000),A
39b9: a1           POP     BC
39ba: b8           RET     
39bb: 74 4a 01     ONI     B,$01
39be: e8           JR      $39A7
39bf: 70 6a 00 d0  MOV     B,($D000)
39c3: e3           JR      $39A7
39c4: b1           PUSH    BC
39c5: 70 6a 01 d0  MOV     B,($D001)
39c9: 74 5a 0f     OFFI    B,$0F
39cc: c6           JR      $39D3
39cd: 70 79 00 d0  MOV     ($D000),A
39d1: a1           POP     BC
39d2: b8           RET     
39d3: 74 4a 01     ONI     B,$01
39d6: ee           JR      $39C5
39d7: 70 6a 00 d0  MOV     B,($D000)
39db: e9           JR      $39C5
39dc: b1           PUSH    BC
39dd: 70 6a 01 d0  MOV     B,($D001)
39e1: 74 5a 80     OFFI    B,$80
39e4: 54 c7 0e     JMP     $0EC7
39e7: 74 5a 0f     OFFI    B,$0F
39ea: c6           JR      $39F1
39eb: 70 79 01 d0  MOV     ($D001),A
39ef: a1           POP     BC
39f0: b8           RET     
39f1: 74 4a 01     ONI     B,$01
39f4: e8           JR      $39DD
39f5: 70 6a 00 d0  MOV     B,($D000)
39f9: e3           JR      $39DD
39fa: b1           PUSH    BC
39fb: 70 6a 01 d0  MOV     B,($D001)
39ff: 74 5a 0f     OFFI    B,$0F
3a02: c6           JR      $3A09
3a03: 70 79 01 d0  MOV     ($D001),A
3a07: a1           POP     BC
3a08: b8           RET     
3a09: 74 4a 01     ONI     B,$01
3a0c: ee           JR      $39FB
3a0d: 70 6a 00 d0  MOV     B,($D000)
3a11: e9           JR      $39FB
3a12: 55 01 04     OFFIW   VV:01,$04
3a15: b8           RET     
3a16: 40 d3 00     CALL    $00D3
3a19: 15 01 04     ORIW    VV:01,$04
3a1c: ca           JR      $3A27
3a1d: 45 01 04     ONIW    VV:01,$04
3a20: b8           RET     
3a21: 40 d3 00     CALL    $00D3
3a24: 05 01 fb     ANIW    VV:01,$FB
3a27: 40 f0 3a     CALL    $3AF0
3a2a: b8           RET     
3a2b: 15 07 80     ORIW    VV:07,$80
3a2e: b8           RET     
3a2f: 45 00 01     ONIW    VV:00,$01
3a32: 05 07 7f     ANIW    VV:07,$7F
3a35: b8           RET     
3a36: 40 d3 00     CALL    $00D3
3a39: 40 52 0d     CALL    $0D52
3a3c: 05 01 c0     ANIW    VV:01,$C0
3a3f: 40 ce 3a     CALL    $3ACE
3a42: 57 20        OFFI    A,$20
3a44: 40 c7 3a     CALL    $3AC7
3a47: 07 3d        ANI     A,$3D
3a49: 74 98 01     ORAW    VV:01
3a4c: 63 01        STAW    VV:01
3a4e: 40 f0 3a     CALL    $3AF0
3a51: b8           RET     
3a52: 40 6f 0a     CALL    $0A6F
3a55: c2           JR      $3A58
3a56: c5           JR      $3A5C
3a57: b8           RET     
3a58: 15 07 40     ORIW    VV:07,$40
3a5b: b8           RET     
3a5c: 05 07 bf     ANIW    VV:07,$BF
3a5f: b8           RET     
3a60: 55 01 08     OFFIW   VV:01,$08
3a63: b8           RET     
3a64: 40 d3 00     CALL    $00D3
3a67: 15 01 08     ORIW    VV:01,$08
3a6a: ca           JR      $3A75
3a6b: 45 01 08     ONIW    VV:01,$08
3a6e: b8           RET     
3a6f: 40 d3 00     CALL    $00D3
3a72: 05 01 f7     ANIW    VV:01,$F7
3a75: 40 f0 3a     CALL    $3AF0
3a78: b8           RET     
3a79: 15 01 10     ORIW    VV:01,$10
3a7c: c3           JR      $3A80
3a7d: 05 01 ef     ANIW    VV:01,$EF
3a80: 40 f0 3a     CALL    $3AF0
3a83: b8           RET     
3a84: 55 01 01     OFFIW   VV:01,$01
3a87: b8           RET     
3a88: 40 d3 00     CALL    $00D3
3a8b: 15 01 01     ORIW    VV:01,$01
3a8e: ca           JR      $3A99
3a8f: 45 01 01     ONIW    VV:01,$01
3a92: b8           RET     
3a93: 40 d3 00     CALL    $00D3
3a96: 05 01 fe     ANIW    VV:01,$FE
3a99: 40 f0 3a     CALL    $3AF0
3a9c: b8           RET     
3a9d: 40 6f 0a     CALL    $0A6F
3aa0: c2           JR      $3AA3
3aa1: c5           JR      $3AA7
3aa2: b8           RET     
3aa3: 05 07 df     ANIW    VV:07,$DF
3aa6: c3           JR      $3AAA
3aa7: 15 07 20     ORIW    VV:07,$20
3aaa: 15 01 80     ORIW    VV:01,$80
3aad: 4e 41        JRE     $3AF0
3aaf: 05 01 7f     ANIW    VV:01,$7F
3ab2: fa           JR      $3AAD
3ab3: 40 6f 0a     CALL    $0A6F
3ab6: c2           JR      $3AB9
3ab7: c5           JR      $3ABD
3ab8: b8           RET     
3ab9: 15 02 20     ORIW    VV:02,$20
3abc: b8           RET     
3abd: 05 02 df     ANIW    VV:02,$DF
3ac0: b8           RET     
3ac1: 40 6f 0a     CALL    $0A6F
3ac4: c2           JR      $3AC7
3ac5: c8           JR      $3ACE
3ac6: b8           RET     
3ac7: 15 00 01     ORIW    VV:00,$01
3aca: 15 07 80     ORIW    VV:07,$80
3acd: b8           RET     
3ace: 05 00 fe     ANIW    VV:00,$FE
3ad1: 05 07 7f     ANIW    VV:07,$7F
3ad4: b8           RET     
3ad5: 40 6f 0a     CALL    $0A6F
3ad8: c2           JR      $3ADB
3ad9: cc           JR      $3AE6
3ada: b8           RET     
3adb: 55 01 02     OFFIW   VV:01,$02
3ade: b8           RET     
3adf: 40 d3 00     CALL    $00D3
3ae2: 15 01 02     ORIW    VV:01,$02
3ae5: ca           JR      $3AF0
3ae6: 45 01 02     ONIW    VV:01,$02
3ae9: b8           RET     
3aea: 40 d3 00     CALL    $00D3
3aed: 05 01 fd     ANIW    VV:01,$FD
3af0: 05 00 c1     ANIW    VV:00,$C1
3af3: 05 07 e7     ANIW    VV:07,$E7
3af6: 45 01 01     ONIW    VV:01,$01
3af9: c3           JR      $3AFD
3afa: 15 00 02     ORIW    VV:00,$02
3afd: 55 00 02     OFFIW   VV:00,$02
3b00: d0           JR      $3B11
3b01: 45 01 02     ONIW    VV:01,$02
3b04: c6           JR      $3B0B
3b05: 15 00 20     ORIW    VV:00,$20
3b08: 15 00 08     ORIW    VV:00,$08
3b0b: 55 01 08     OFFIW   VV:01,$08
3b0e: 15 00 08     ORIW    VV:00,$08
3b11: 55 00 08     OFFIW   VV:00,$08
3b14: c7           JR      $3B1C
3b15: 45 01 04     ONIW    VV:01,$04
3b18: c3           JR      $3B1C
3b19: 15 00 04     ORIW    VV:00,$04
3b1c: 45 01 80     ONIW    VV:01,$80
3b1f: c6           JR      $3B26
3b20: 15 00 10     ORIW    VV:00,$10
3b23: 15 07 18     ORIW    VV:07,$18
3b26: 55 00 10     OFFIW   VV:00,$10
3b29: ca           JR      $3B34
3b2a: 45 01 10     ONIW    VV:01,$10
3b2d: c6           JR      $3B34
3b2e: 15 00 10     ORIW    VV:00,$10
3b31: 15 07 10     ORIW    VV:07,$10
3b34: b8           RET     
3b35: b0           PUSH    VA
3b36: 48 53        SKIT    AN7
3b38: 00           NOP     
3b39: 64 80 08     MVI     ANM,$08
3b3c: 48 48        SKIT    FAD
3b3e: 00           NOP     
3b3f: 48 48        SKIT    FAD
3b41: fd           JR      $3B3F
3b42: 4c e3        MOV     A,CR3
3b44: 57 80        OFFI    A,$80
3b46: 4e 26        JRE     $3B6E
3b48: 55 59 01     OFFIW   VV:59,$01
3b4b: 55 59 02     OFFIW   VV:59,$02
3b4e: f0           JR      $3B3F
3b4f: 40 80 3b     CALL    $3B80
3b52: 77 ff        EQI     A,$FF
3b54: ea           JR      $3B3F
3b55: 64 49 20     ONI     PB,$20
3b58: fc           JR      $3B55
3b59: 6b 02        MVI     C,$02
3b5b: 40 53 39     CALL    $3953
3b5e: 64 19 20     ORI     PB,$20
3b61: 40 2b 39     CALL    $392B
3b64: 48 48        SKIT    FAD
3b66: fd           JR      $3B64
3b67: 4c e3        MOV     A,CR3
3b69: 47 80        ONI     A,$80
3b6b: f8           JR      $3B64
3b6c: a0           POP     VA
3b6d: b8           RET     
3b6e: a0           POP     VA
3b6f: c0           JR      $3B70
3b70: 55 02 80     OFFIW   VV:02,$80
3b73: fc           JR      $3B70
3b74: 6b 02        MVI     C,$02
3b76: 40 53 39     CALL    $3953
3b79: 48 53        SKIT    AN7
3b7b: 00           NOP     
3b7c: 64 80 01     MVI     ANM,$01
3b7f: b9           RETS    
3b80: 64 59 20     OFFI    PB,$20
3b83: c6           JR      $3B8A
3b84: 40 6a 39     CALL    $396A
3b87: 64 59 20     OFFI    PB,$20
3b8a: 69 00        MVI     A,$00
3b8c: 69 ff        MVI     A,$FF
3b8e: b8           RET     
3b8f: 64 59 40     OFFI    PB,$40
3b92: c6           JR      $3B99
3b93: 40 6a 39     CALL    $396A
3b96: 64 59 40     OFFI    PB,$40
3b99: 69 00        MVI     A,$00
3b9b: 69 ff        MVI     A,$FF
3b9d: b8           RET     
3b9e: 69 28        MVI     A,$28
3ba0: 40 dc 39     CALL    $39DC
3ba3: 69 40        MVI     A,$40
3ba5: 54 a6 39     JMP     $39A6
3ba8: 69 29        MVI     A,$29
3baa: 40 dc 39     CALL    $39DC
3bad: 69 bf        MVI     A,$BF
3baf: 54 a6 39     JMP     $39A6
3bb2: 64 80 08     MVI     ANM,$08
3bb5: 48 48        SKIT    FAD
3bb7: 48 48        SKIT    FAD
3bb9: fd           JR      $3BB7
3bba: 4c e0        MOV     A,CR0
3bbc: b8           RET     
3bbd: b1           PUSH    BC
3bbe: 69 06        MVI     A,$06
3bc0: 40 7b 39     CALL    $397B
3bc3: 1b           MOV     C,A
3bc4: 69 06        MVI     A,$06
3bc6: 40 7b 39     CALL    $397B
3bc9: 60 fb        EQA     A,C
3bcb: f2           JR      $3BBE
3bcc: a1           POP     BC
3bcd: b8           RET     
3bce: b1           PUSH    BC
3bcf: 64 80 08     MVI     ANM,$08
3bd2: 48 48        SKIT    FAD
3bd4: 48 48        SKIT    FAD
3bd6: fd           JR      $3BD4
3bd7: 4c e2        MOV     A,CR2
3bd9: 1a           MOV     B,A
3bda: 4c e1        MOV     A,CR1
3bdc: 1b           MOV     C,A
3bdd: 48 48        SKIT    FAD
3bdf: 48 48        SKIT    FAD
3be1: fd           JR      $3BDF
3be2: 4c e2        MOV     A,CR2
3be4: 60 92        XRA     A,B
3be6: 57 80        OFFI    A,$80
3be8: e6           JR      $3BCF
3be9: 4c e1        MOV     A,CR1
3beb: 60 93        XRA     A,C
3bed: 57 80        OFFI    A,$80
3bef: 4f de        JRE     $3BCF
3bf1: 74 5a 80     OFFI    B,$80
3bf4: 69 02        MVI     A,$02
3bf6: 74 5b 80     OFFI    C,$80
3bf9: 17 04        ORI     A,$04
3bfb: a1           POP     BC
3bfc: b8           RET     
3bfd: b0           PUSH    VA
3bfe: b4           PUSH    EA
3bff: b1           PUSH    BC
3c00: b2           PUSH    DE
3c01: b3           PUSH    HL
3c02: 48 53        SKIT    AN7
3c04: 4e 90        JRE     $3C96
3c06: 6b 02        MVI     C,$02
3c08: 40 53 39     CALL    $3953
3c0b: 15 59 01     ORIW    VV:59,$01
3c0e: 40 35 3b     CALL    $3B35
3c11: 40 ab 3c     CALL    $3CAB
3c14: 05 04 bf     ANIW    VV:04,$BF
3c17: 40 d3 00     CALL    $00D3
3c1a: 40 a8 3b     CALL    $3BA8
3c1d: 64 19 01     ORI     PB,$01
3c20: 69 13        MVI     A,$13
3c22: 4d d8        MOV     TXB,A
3c24: 40 1a 0f     CALL    $0F1A
3c27: 55 59 02     OFFIW   VV:59,$02
3c2a: b8           RET     
3c2b: 40 8f 3b     CALL    $3B8F
3c2e: 67 ff        NEI     A,$FF
3c30: 40 d2 0f     CALL    $0FD2
3c33: 55 02 80     OFFIW   VV:02,$80
3c36: fc           JR      $3C33
3c37: 6b 04        MVI     C,$04
3c39: 40 53 39     CALL    $3953
3c3c: 40 80 3b     CALL    $3B80
3c3f: 67 ff        NEI     A,$FF
3c41: 40 64 10     CALL    $1064
3c44: 55 02 80     OFFIW   VV:02,$80
3c47: fc           JR      $3C44
3c48: 45 03 04     ONIW    VV:03,$04
3c4b: d1           JR      $3C5D
3c4c: 40 6c 0e     CALL    $0E6C
3c4f: 77 ff        EQI     A,$FF
3c51: cb           JR      $3C5D
3c52: 45 04 40     ONIW    VV:04,$40
3c55: 40 f7 0e     CALL    $0EF7
3c58: 48 53        SKIT    AN7
3c5a: 00           NOP     
3c5b: 4f ce        JRE     $3C2B
3c5d: 48 53        SKIT    AN7
3c5f: 4f ca        JRE     $3C2B
3c61: 6b 02        MVI     C,$02
3c63: 40 53 39     CALL    $3953
3c66: 05 59 fe     ANIW    VV:59,$FE
3c69: 40 35 3b     CALL    $3B35
3c6c: 00           NOP     
3c6d: 55 04 02     OFFIW   VV:04,$02
3c70: 4e 24        JRE     $3C96
3c72: 40 9e 3b     CALL    $3B9E
3c75: 40 1b 0e     CALL    $0E1B
3c78: 45 68 08     ONIW    VV:68,$08
3c7b: d0           JR      $3C8C
3c7c: ba           DI      
3c7d: 44 50 00     LXI     EA,$0050
3c80: 70 3f c6 80  LHLD    $80C6
3c84: 74 af        DGT     EA,HL
3c86: c1           JR      $3C88
3c87: c7           JR      $3C8F
3c88: 69 11        MVI     A,$11
3c8a: 4d d8        MOV     TXB,A
3c8c: 64 09 fe     ANI     PB,$FE
3c8f: aa           EI      
3c90: 64 09 fd     ANI     PB,$FD
3c93: 64 19 02     ORI     PB,$02
3c96: 45 03 04     ONIW    VV:03,$04
3c99: c7           JR      $3CA1
3c9a: 40 6c 0e     CALL    $0E6C
3c9d: 67 ff        NEI     A,$FF
3c9f: 4f 73        JRE     $3C14
3ca1: 55 04 02     OFFIW   VV:04,$02
3ca4: b8           RET     
3ca5: a3           POP     HL
3ca6: a2           POP     DE
3ca7: a1           POP     BC
3ca8: a4           POP     EA
3ca9: a0           POP     VA
3caa: b8           RET     
3cab: 40 70 3b     CALL    $3B70
3cae: 00           NOP     
3caf: 15 59 02     ORIW    VV:59,$02
3cb2: 40 14 3c     CALL    $3C14
3cb5: 71 58 00     MVIW    VV:58,$00
3cb8: 40 5f 3d     CALL    $3D5F
3cbb: 00           NOP     
3cbc: 40 9e 3b     CALL    $3B9E
3cbf: 6a 00        MVI     B,$00
3cc1: 40 ec 3c     CALL    $3CEC
3cc4: 40 fd 3c     CALL    $3CFD
3cc7: b8           RET     
3cc8: 30 5a        DCRW    VV:5A
3cca: 75 5a 00     EQIW    VV:5A,$00
3ccd: f6           JR      $3CC4
3cce: 42           INR     B
3ccf: 0c           MOV     A,D
3cd0: 60 fa        EQA     A,B
3cd2: ee           JR      $3CC1
3cd3: 40 a8 3b     CALL    $3BA8
3cd6: 6b 00        MVI     C,$00
3cd8: 40 ec 3c     CALL    $3CEC
3cdb: 40 fd 3c     CALL    $3CFD
3cde: b8           RET     
3cdf: 30 5a        DCRW    VV:5A
3ce1: 75 5a 00     EQIW    VV:5A,$00
3ce4: f6           JR      $3CDB
3ce5: 43           INR     C
3ce6: 0d           MOV     A,E
3ce7: 60 fb        EQA     A,C
3ce9: ee           JR      $3CD8
3cea: 4f d0        JRE     $3CBC
3cec: 55 59 04     OFFIW   VV:59,$04
3cef: c6           JR      $3CF6
3cf0: 55 59 08     OFFIW   VV:59,$08
3cf3: c4           JR      $3CF8
3cf4: 69 20        MVI     A,$20
3cf6: 69 0d        MVI     A,$0D
3cf8: 69 64        MVI     A,$64
3cfa: 63 5a        STAW    VV:5A
3cfc: b8           RET     
3cfd: 55 59 04     OFFIW   VV:59,$04
3d00: 54 1c 3d     JMP     $3D1C
3d03: 55 59 08     OFFIW   VV:59,$08
3d06: 54 42 3d     JMP     $3D42
3d09: b1           PUSH    BC
3d0a: 40 51 3d     CALL    $3D51
3d0d: c9           JR      $3D17
3d0e: 40 ef 3d     CALL    $3DEF
3d11: 40 ee 3e     CALL    $3EEE
3d14: c2           JR      $3D17
3d15: a1           POP     BC
3d16: b9           RETS    
3d17: 05 59 fd     ANIW    VV:59,$FD
3d1a: a1           POP     BC
3d1b: b8           RET     
3d1c: 48 53        SKIT    AN7
3d1e: 00           NOP     
3d1f: 64 80 08     MVI     ANM,$08
3d22: 48 48        SKIT    FAD
3d24: 00           NOP     
3d25: 48 48        SKIT    FAD
3d27: fd           JR      $3D25
3d28: 4c e3        MOV     A,CR3
3d2a: 47 80        ONI     A,$80
3d2c: b9           RETS    
3d2d: 55 02 80     OFFIW   VV:02,$80
3d30: fc           JR      $3D2D
3d31: b1           PUSH    BC
3d32: 6b 02        MVI     C,$02
3d34: 40 53 39     CALL    $3953
3d37: a1           POP     BC
3d38: 48 53        SKIT    AN7
3d3a: 00           NOP     
3d3b: 64 80 01     MVI     ANM,$01
3d3e: 05 59 fb     ANIW    VV:59,$FB
3d41: b9           RETS    
3d42: 64 49 20     ONI     PB,$20
3d45: b9           RETS    
3d46: b1           PUSH    BC
3d47: 6b 02        MVI     C,$02
3d49: 40 53 39     CALL    $3953
3d4c: a1           POP     BC
3d4d: 05 59 f7     ANIW    VV:59,$F7
3d50: b9           RETS    
3d51: 48 53        SKIT    AN7
3d53: b9           RETS    
3d54: 15 59 04     ORIW    VV:59,$04
3d57: 6b 02        MVI     C,$02
3d59: 40 53 39     CALL    $3953
3d5c: 40 2b 39     CALL    $392B
3d5f: 20 58        INRW    VV:58
3d61: 01 58        LDAW    VV:58
3d63: 37 0c        LTI     A,$0C
3d65: b8           RET     
3d66: 51           DCR     A
3d67: 48 25        SLL     A
3d69: 48 a8        TABLE   
3d6b: 21           JB      

; ---- DATA 3D6C-3D81: default/configuration jump table, 11 two-byte entries ----
3d6c: 82 3d a2 3d a7 3d af 3d b4 3d b9 3d c0 3d c7 3d
3d7c: ce 3d d8 3d e2 3d

; ---- CODE 3D82-3DFF ----
3d82: 55 00 1f     OFFIW   VV:00,$1F
3d85: d7           JR      $3D9D
3d86: 55 07 48     OFFIW   VV:07,$48
3d89: d3           JR      $3D9D
3d8a: 55 5b 10     OFFIW   VV:5B,$10
3d8d: cf           JR      $3D9D
3d8e: 44 00 00     LXI     EA,$0000
3d91: 70 2f a5 88  LDED    $88A5
3d95: 74 fe        DEQ     EA,DE
3d97: c5           JR      $3D9D
3d98: 6c ff        MVI     D,$FF
3d9a: 6d 30        MVI     E,$30
3d9c: b9           RETS    
3d9d: 6c 30        MVI     D,$30
3d9f: 6d ff        MVI     E,$FF
3da1: b9           RETS    
3da2: 55 01 04     OFFIW   VV:01,$04
3da5: f2           JR      $3D98
3da6: f6           JR      $3D9D
3da7: 55 00 01     OFFIW   VV:00,$01
3daa: 45 07 80     ONIW    VV:07,$80
3dad: ef           JR      $3D9D
3dae: e9           JR      $3D98
3daf: 55 01 01     OFFIW   VV:01,$01
3db2: e5           JR      $3D98
3db3: e9           JR      $3D9D
3db4: 55 01 08     OFFIW   VV:01,$08
3db7: e0           JR      $3D98
3db8: e4           JR      $3D9D
3db9: 55 5b 10     OFFIW   VV:5B,$10
3dbc: 4f da        JRE     $3D98
3dbe: 4f dd        JRE     $3D9D
3dc0: 55 01 10     OFFIW   VV:01,$10
3dc3: 4f d3        JRE     $3D98
3dc5: 4f d6        JRE     $3D9D
3dc7: 55 07 40     OFFIW   VV:07,$40
3dca: 4f cc        JRE     $3D98
3dcc: 4f cf        JRE     $3D9D
3dce: 55 01 80     OFFIW   VV:01,$80
3dd1: 45 07 20     ONIW    VV:07,$20
3dd4: 4f c7        JRE     $3D9D
3dd6: 4f c0        JRE     $3D98
3dd8: 55 01 80     OFFIW   VV:01,$80
3ddb: 55 07 20     OFFIW   VV:07,$20
3dde: 4f bd        JRE     $3D9D
3de0: 4f b6        JRE     $3D98
3de2: 44 00 00     LXI     EA,$0000
3de5: 70 2f a5 88  LDED    $88A5
3de9: 74 fe        DEQ     EA,DE
3deb: 4f ab        JRE     $3D98
3ded: 4f ae        JRE     $3D9D
3def: 40 80 3b     CALL    $3B80
3df2: 77 ff        EQI     A,$FF
3df4: b8           RET     
3df5: 15 59 08     ORIW    VV:59,$08
3df8: 01 58        LDAW    VV:58
3dfa: 51           DCR     A
3dfb: 48 25        SLL     A
3dfd: 48 a8        TABLE   
3dff: 21           JB      

; ---- DATA 3E00-3E15: default/configuration jump table, 11 two-byte entries ----
3e00: 16 3e 2e 3e 44 3e 57 3e 6b 3e 7f 3e 8d 3e a1 3e
3e10: af 3e c6 3e dd 3e

; ---- CODE 3E16-3FB5 ----
3e16: 74 6c ff     NEI     D,$FF
3e19: b8           RET     
3e1a: 05 00 e0     ANIW    VV:00,$E0
3e1d: 05 01 42     ANIW    VV:01,$42
3e20: 05 07 27     ANIW    VV:07,$27
3e23: 05 5b ef     ANIW    VV:5B,$EF
3e26: 40 c3 10     CALL    $10C3
3e29: 6c ff        MVI     D,$FF
3e2b: 6d 30        MVI     E,$30
3e2d: b8           RET     
3e2e: 74 6c ff     NEI     D,$FF
3e31: c7           JR      $3E39
3e32: 15 01 04     ORIW    VV:01,$04
3e35: 40 f0 3a     CALL    $3AF0
3e38: f0           JR      $3E29
3e39: 05 01 fb     ANIW    VV:01,$FB
3e3c: 40 f0 3a     CALL    $3AF0
3e3f: 6c 30        MVI     D,$30
3e41: 6d ff        MVI     E,$FF
3e43: b8           RET     
3e44: 74 6c ff     NEI     D,$FF
3e47: c8           JR      $3E50
3e48: 15 00 01     ORIW    VV:00,$01
3e4b: 15 07 80     ORIW    VV:07,$80
3e4e: 4f d9        JRE     $3E29
3e50: 05 00 fe     ANIW    VV:00,$FE
3e53: 05 07 7f     ANIW    VV:07,$7F
3e56: e8           JR      $3E3F
3e57: 74 6c ff     NEI     D,$FF
3e5a: c8           JR      $3E63
3e5b: 15 01 01     ORIW    VV:01,$01
3e5e: 40 f0 3a     CALL    $3AF0
3e61: 4f c6        JRE     $3E29
3e63: 05 01 fe     ANIW    VV:01,$FE
3e66: 40 f0 3a     CALL    $3AF0
3e69: 4f d4        JRE     $3E3F
3e6b: 74 6c ff     NEI     D,$FF
3e6e: c8           JR      $3E77
3e6f: 15 01 08     ORIW    VV:01,$08
3e72: 40 f0 3a     CALL    $3AF0
3e75: 4f b2        JRE     $3E29
3e77: 05 01 f7     ANIW    VV:01,$F7
3e7a: 40 f0 3a     CALL    $3AF0
3e7d: 4f c0        JRE     $3E3F
3e7f: 74 6c ff     NEI     D,$FF
3e82: c5           JR      $3E88
3e83: 15 5b 10     ORIW    VV:5B,$10
3e86: 4f a1        JRE     $3E29
3e88: 05 5b ef     ANIW    VV:5B,$EF
3e8b: 4f b2        JRE     $3E3F
3e8d: 74 6c ff     NEI     D,$FF
3e90: c8           JR      $3E99
3e91: 15 01 10     ORIW    VV:01,$10
3e94: 40 f0 3a     CALL    $3AF0
3e97: 4f 90        JRE     $3E29
3e99: 05 01 ef     ANIW    VV:01,$EF
3e9c: 40 f0 3a     CALL    $3AF0
3e9f: 4f 9e        JRE     $3E3F
3ea1: 74 6c ff     NEI     D,$FF
3ea4: c5           JR      $3EAA
3ea5: 15 07 40     ORIW    VV:07,$40
3ea8: 4f 7f        JRE     $3E29
3eaa: 05 07 bf     ANIW    VV:07,$BF
3ead: 4f 90        JRE     $3E3F
3eaf: 74 6c ff     NEI     D,$FF
3eb2: cb           JR      $3EBE
3eb3: 15 01 80     ORIW    VV:01,$80
3eb6: 15 07 20     ORIW    VV:07,$20
3eb9: 40 f0 3a     CALL    $3AF0
3ebc: 4f 6b        JRE     $3E29
3ebe: 05 01 7f     ANIW    VV:01,$7F
3ec1: 40 f0 3a     CALL    $3AF0
3ec4: 4f 79        JRE     $3E3F
3ec6: 74 6c ff     NEI     D,$FF
3ec9: cb           JR      $3ED5
3eca: 15 01 80     ORIW    VV:01,$80
3ecd: 05 07 df     ANIW    VV:07,$DF
3ed0: 40 f0 3a     CALL    $3AF0
3ed3: 4f 54        JRE     $3E29
3ed5: 05 01 7f     ANIW    VV:01,$7F
3ed8: 40 f0 3a     CALL    $3AF0
3edb: 4f 62        JRE     $3E3F
3edd: 74 6c ff     NEI     D,$FF
3ee0: c8           JR      $3EE9
3ee1: 44 d8 00     LXI     EA,$00D8
3ee4: 40 a8 10     CALL    $10A8
3ee7: 4f 40        JRE     $3E29
3ee9: 40 c3 10     CALL    $10C3
3eec: 4f 51        JRE     $3E3F
3eee: 40 8f 3b     CALL    $3B8F
3ef1: 77 ff        EQI     A,$FF
3ef3: b9           RETS    
3ef4: 40 a8 3b     CALL    $3BA8
3ef7: 64 49 40     ONI     PB,$40
3efa: fc           JR      $3EF7
3efb: 6b 02        MVI     C,$02
3efd: 40 53 39     CALL    $3953
3f00: b8           RET     
3f01: 55 5d 04     OFFIW   VV:5D,$04
3f04: b8           RET     
3f05: 55 02 40     OFFIW   VV:02,$40
3f08: 4e 29        JRE     $3F33
3f0a: 55 5c 01     OFFIW   VV:5C,$01
3f0d: b8           RET     
3f0e: 01 07        LDAW    VV:07
3f10: b0           PUSH    VA
3f11: 05 07 bf     ANIW    VV:07,$BF
3f14: 69 20        MVI     A,$20
3f16: 63 28        STAW    VV:28
3f18: 40 5f 24     CALL    $245F
3f1b: 67 ff        NEI     A,$FF
3f1d: 40 d2 0f     CALL    $0FD2
3f20: 01 28        LDAW    VV:28
3f22: 40 ab 23     CALL    $23AB
3f25: 70 3f 14 80  LHLD    $8014
3f29: 74 0f 07     ANI     L,$07
3f2c: 48 0c        SK      Z
3f2e: e5           JR      $3F14
3f2f: a0           POP     VA
3f30: 63 07        STAW    VV:07
3f32: b8           RET     
3f33: 6b 20        MVI     C,$20
3f35: 34 49 97     LXI     HL,$9749
3f38: 70 2f 16 80  LDED    $8016
3f3c: 40 54 3f     CALL    $3F54
3f3f: b8           RET     
3f40: 40 d3 00     CALL    $00D3
3f43: a5           DMOV    EA,BC
3f44: 70 2f 0e 80  LDED    $800E
3f48: 74 be        DLT     EA,DE
3f4a: b8           RET     
3f4b: 70 1e 18 80  SBCD    $8018
3f4f: 70 1e 16 80  SBCD    $8016
3f53: b8           RET     
3f54: 48 85        LDEAX   (HL++)
3f56: 74 ae        DGT     EA,DE
3f58: c2           JR      $3F5B
3f59: b5           DMOV    BC,EA
3f5a: b9           RETS    
3f5b: 53           DCR     C
3f5c: 48 0c        SK      Z
3f5e: f5           JR      $3F54
3f5f: b8           RET     
3f60: 15 02 40     ORIW    VV:02,$40
3f63: 69 00        MVI     A,$00
3f65: 34 49 97     LXI     HL,$9749
3f68: 6b 3f        MVI     C,$3F
3f6a: 3d           STAX    (HL+)
3f6b: 53           DCR     C
3f6c: fd           JR      $3F6A
3f6d: 34 49 97     LXI     HL,$9749
3f70: 24 00 00     LXI     DE,$0000
3f73: 71 50 00     MVIW    VV:50,$00
3f76: 40 52 0d     CALL    $0D52
3f79: 67 00        NEI     A,$00
3f7b: b8           RET     
3f7c: 1a           MOV     B,A
3f7d: 69 48        MVI     A,$48
3f7f: 45 00 20     ONIW    VV:00,$20
3f82: 40 ec 24     CALL    $24EC
3f85: 48 2e        MUL     B
3f87: 70 1f 10 80  LBCD    $8010
3f8b: 74 c5        DADD    EA,BC
3f8d: 74 ae        DGT     EA,DE
3f8f: b8           RET     
3f90: 48 95        STEAX   (HL++)
3f92: b6           DMOV    DE,EA
3f93: 20 50        INRW    VV:50
3f95: 25 50 1f     GTIW    VV:50,$1F
3f98: 4f dc        JRE     $3F76
3f9a: 40 52 0d     CALL    $0D52
3f9d: 67 00        NEI     A,$00
3f9f: b8           RET     
3fa0: 1a           MOV     B,A
3fa1: 69 48        MVI     A,$48
3fa3: 45 00 20     ONIW    VV:00,$20
3fa6: 40 ec 24     CALL    $24EC
3fa9: 48 2e        MUL     B
3fab: 70 1f 10 80  LBCD    $8010
3faf: 74 c5        DADD    EA,BC
3fb1: 74 ae        DGT     EA,DE
3fb3: b8           RET     
3fb4: b6           DMOV    DE,EA
3fb5: e4           JR      $3F9A

; ---- DATA 3FB6-3FFF: 0xFF fill ----
3fb6: ff ff ff ff ff ff ff ff ff ff ff ff ff ff ff ff
3fc6: ff ff ff ff ff ff ff ff ff ff ff ff ff ff ff ff
3fd6: ff ff ff ff ff ff ff ff ff ff ff ff ff ff ff ff
3fe6: ff ff ff ff ff ff ff ff ff ff ff ff ff ff ff ff
3ff6: ff ff ff ff ff ff ff ff ff ff
